Train/Step,Train/Loss/Nu,Train/Loss/Flow,Train/Norm/Critic,Train/Norm/Flow,Time/ElapsedSec,Eval/Reward,Eval/Cost,Eval/Length
0,nan,nan,nan,nan,0.0,nan,nan,nan
1000,0.0,0.32961034774780273,48.34092551469803,401.4596117194742,14.177955865859985,nan,nan,nan
2000,0.0,0.1798039823770523,48.32964360713959,406.07636078447104,28.53704595565796,nan,nan,nan
3000,0.0,0.16578306257724762,48.324570536613464,408.0309051088989,43.05358672142029,nan,nan,nan
4000,0.0,0.2120904177427292,48.320751428604126,409.6174978297204,57.60483169555664,nan,nan,nan
5000,0.0,0.2072870135307312,48.3198219537735,411.2082306817174,72.07266807556152,nan,nan,nan
6000,0.0,0.160853773355484,48.31912660598755,412.7939423583448,86.42515277862549,nan,nan,nan
7000,0.0,0.17716671526432037,48.32266002893448,414.17532117664814,100.99818587303162,nan,nan,nan
8000,0.0,0.13716533780097961,48.32489037513733,415.28525038063526,115.46444392204285,nan,nan,nan
9000,0.0,0.15289095044136047,48.330793619155884,416.2675380948931,129.7379171848297,nan,nan,nan
10000,0.0,0.1714208424091339,48.33512979745865,417.1573816947639,144.0625901222229,nan,nan,nan
11000,0.0,0.13858406245708466,48.34099441766739,417.9885786548257,158.23450922966003,nan,nan,nan
12000,0.0,0.17561283707618713,48.34649884700775,418.78726054914296,172.4392237663269,nan,nan,nan
13000,0.0,0.12687543034553528,48.35338616371155,419.54099996574223,186.63962936401367,nan,nan,nan
14000,0.0,0.15215055644512177,48.36019378900528,420.2936892081052,201.0669322013855,nan,nan,nan
15000,0.0,0.14920136332511902,48.368738412857056,421.01894730329514,215.78555536270142,nan,nan,nan
16000,0.0,0.15869516134262085,48.37578511238098,421.6731341332197,230.50838112831116,nan,nan,nan
17000,0.0,0.15176132321357727,48.385661005973816,422.4177505020052,245.22910332679749,nan,nan,nan
18000,0.0,0.1368272602558136,48.39028161764145,423.1208826508373,259.6611180305481,nan,nan,nan
19000,0.0,0.11719006299972534,48.40041887760162,423.73870601318777,274.1725044250488,nan,nan,nan
20000,0.0,0.16200613975524902,48.406722247600555,424.4144664797932,460.064129114151,8.452762712536378,17.666666666666668,1000.0
21000,0.0,0.13002614676952362,48.41578280925751,425.04904414340854,474.45932698249817,nan,nan,nan
22000,0.0,0.12184678763151169,48.422524869441986,425.66574314422905,489.0152540206909,nan,nan,nan
23000,0.0,0.13074231147766113,48.43061834573746,426.3571658935398,503.30990171432495,nan,nan,nan
24000,0.0,0.13188883662223816,48.44336074590683,427.023644130677,517.5851638317108,nan,nan,nan
25000,0.0,0.17114754021167755,48.45110905170441,427.60882867500186,532.0646526813507,nan,nan,nan
26000,0.0,0.18128500878810883,48.4597093462944,428.2715297602117,546.4238102436066,nan,nan,nan
27000,0.0,0.15852023661136627,48.46762067079544,428.8967809714377,560.738618850708,nan,nan,nan
28000,0.0,0.12125913798809052,48.47642385959625,429.49108552373946,575.0928347110748,nan,nan,nan
29000,0.0,0.12571483850479126,48.49001234769821,430.19910482130945,589.3427991867065,nan,nan,nan
30000,0.0,0.1580115407705307,48.49894142150879,430.7928808443248,603.6266140937805,nan,nan,nan
31000,0.0,0.12041213363409042,48.51072072982788,431.4775281511247,617.7216868400574,nan,nan,nan
32000,0.0,0.13210676610469818,48.51812440156937,432.1275600101799,632.0598032474518,nan,nan,nan
33000,0.0,0.1554405242204666,48.53376191854477,432.7214833125472,646.571619272232,nan,nan,nan
34000,0.0,0.1850261092185974,48.54354912042618,433.36777791567147,661.1414451599121,nan,nan,nan
35000,0.0,0.16829530894756317,48.55273085832596,434.07316234335303,675.7672262191772,nan,nan,nan
36000,0.0,0.13654646277427673,48.56223779916763,434.7022600416094,690.4702968597412,nan,nan,nan
37000,0.0,0.1335275024175644,48.57407850027084,435.3746492099017,704.9360072612762,nan,nan,nan
38000,0.0,0.15844176709651947,48.585957169532776,436.1031439024955,719.3961408138275,nan,nan,nan
39000,0.0,0.1571873426437378,48.59894597530365,436.800732454285,733.9784097671509,nan,nan,nan
40000,0.0,0.12757091224193573,48.61487692594528,437.45880078710616,922.1374390125275,8.777565094681409,15.333333333333334,1000.0
41000,0.0,0.12856391072273254,48.63026601076126,438.1773427221924,936.5411972999573,nan,nan,nan
42000,0.0,0.1434355527162552,48.644838988780975,438.8102497998625,950.6444489955902,nan,nan,nan
43000,0.0,0.1617087870836258,48.65921026468277,439.53281512483954,965.0035488605499,nan,nan,nan
44000,0.0,0.14089016616344452,48.67312127351761,440.1916044577956,979.2952015399933,nan,nan,nan
45000,0.0,0.1580159068107605,48.685902655124664,440.93989233486354,993.6029734611511,nan,nan,nan
46000,0.0,0.13690319657325745,48.70185703039169,441.6439168062061,1007.8436782360077,nan,nan,nan
47000,0.0,0.148747518658638,48.7158203125,442.2630787715316,1022.2263326644897,nan,nan,nan
48000,0.0,0.13865333795547485,48.733008444309235,443.0560703072697,1036.5192112922668,nan,nan,nan
49000,0.0,0.14356954395771027,48.741809487342834,443.77975670434535,1050.8567733764648,nan,nan,nan
50000,0.0,0.1341649889945984,48.76072698831558,444.4902982376516,1065.2674379348755,nan,nan,nan
51000,0.0,0.13883952796459198,48.77629107236862,445.1541587319225,1079.474829673767,nan,nan,nan
52000,0.0,0.1536310762166977,48.787008583545685,445.8815333507955,1093.9115970134735,nan,nan,nan
53000,0.0,0.1534615308046341,48.80091053247452,446.5822037886828,1108.4508020877838,nan,nan,nan
54000,0.0,0.1553598791360855,48.817926824092865,447.31141068041325,1122.9857907295227,nan,nan,nan
55000,0.0,0.14638885855674744,48.82975471019745,447.9664144292474,1137.5067987442017,nan,nan,nan
56000,0.0,0.13113749027252197,48.845524191856384,448.63528155349195,1152.108291387558,nan,nan,nan
57000,0.0,0.15457339584827423,48.85707646608353,449.37032812833786,1166.7058746814728,nan,nan,nan
58000,0.0,0.1363409161567688,48.87295740842819,450.096913959831,1181.2076485157013,nan,nan,nan
59000,0.0,0.10587075352668762,48.89113336801529,450.81129433587193,1195.969787120819,nan,nan,nan
60000,0.0,0.1468486338853836,48.90534234046936,451.48126471042633,1385.7147266864777,17.56017646114493,19.0,1000.0
61000,0.0,0.11029742658138275,48.92307776212692,452.10475900769234,1400.2548308372498,nan,nan,nan
62000,0.0,0.1420091688632965,48.938913345336914,452.8545414991677,1414.5031368732452,nan,nan,nan
63000,0.0,0.13157984614372253,48.9559680223465,453.48456643521786,1428.7625608444214,nan,nan,nan
64000,0.0,0.13275808095932007,48.9747257232666,454.2214384507388,1443.0167865753174,nan,nan,nan
65000,0.0,0.14679916203022003,48.99049913883209,454.87253375537694,1457.2528598308563,nan,nan,nan
66000,0.0,0.13785098493099213,49.002429485321045,455.5724223032594,1471.8682315349579,nan,nan,nan
67000,0.0,0.2055809646844864,49.02256166934967,456.20708936452866,1486.3493263721466,nan,nan,nan
68000,0.0,0.1345091313123703,49.04057818651199,456.9913786649704,1500.6193709373474,nan,nan,nan
69000,0.0,0.13754862546920776,49.06139540672302,457.6745779942721,1514.9245438575745,nan,nan,nan
70000,0.0,0.14846529066562653,49.08033722639084,458.3578062225133,1529.3963930606842,nan,nan,nan
71000,0.0,0.1347363293170929,49.094688415527344,459.00120820477605,1544.0058240890503,nan,nan,nan
72000,0.0,0.1540321558713913,49.111663579940796,459.6719063613564,1558.649974346161,nan,nan,nan
73000,0.0,0.14834903180599213,49.12816923856735,460.37558621913195,1573.2948315143585,nan,nan,nan
74000,0.0,0.12743067741394043,49.14374214410782,461.1048078071326,1587.796867609024,nan,nan,nan
75000,0.0,0.141464501619339,49.162854075431824,461.79707214422524,1602.3902394771576,nan,nan,nan
76000,0.0,0.13067002594470978,49.18238890171051,462.47252716869116,1616.9516870975494,nan,nan,nan
77000,0.0,0.15317675471305847,49.19747531414032,463.153691964224,1631.6051721572876,nan,nan,nan
78000,0.0,0.1526722013950348,49.21857064962387,463.839571993798,1646.2389664649963,nan,nan,nan
79000,0.0,0.1294839084148407,49.23319900035858,464.5557536445558,1661.3394422531128,nan,nan,nan
80000,0.0,0.15636123716831207,49.24967849254608,465.26323679834604,1860.967547416687,14.949788624676975,9.333333333333334,1000.0
81000,0.0,0.16514931619167328,49.26498609781265,466.03976473771036,1876.9542744159698,nan,nan,nan
82000,0.0,0.13946710526943207,49.285198986530304,466.66031298972666,1893.3294711112976,nan,nan,nan
83000,0.0,0.11083455383777618,49.308121621608734,467.40155991353095,1909.762582063675,nan,nan,nan
84000,0.0,0.13573509454727173,49.326206266880035,468.1169588789344,1925.7208893299103,nan,nan,nan
85000,0.0,0.17337526381015778,49.34360212087631,468.88169980980456,1942.0596828460693,nan,nan,nan
86000,0.0,0.1770632565021515,49.36240869760513,469.5595400389284,1958.353592157364,nan,nan,nan
87000,0.0,0.13833536207675934,49.37807106971741,470.28611031360924,1974.6710062026978,nan,nan,nan
88000,0.0,0.12966856360435486,49.39580553770065,470.9728125296533,1990.5916135311127,nan,nan,nan
89000,0.0,0.12424781173467636,49.413950860500336,471.6641603335738,2006.101619720459,nan,nan,nan
90000,0.0,0.15802116692066193,49.43713420629501,472.40706493891776,2021.751422405243,nan,nan,nan
91000,0.0,0.12046939879655838,49.444822788238525,473.0821939576417,2037.5839371681213,nan,nan,nan
92000,0.0,0.12492966651916504,49.46298015117645,473.7844810523093,2053.6152534484863,nan,nan,nan
93000,0.0,0.12312038242816925,49.48077195882797,474.4469843581319,2069.723117828369,nan,nan,nan
94000,0.0,0.19543027877807617,49.49945253133774,475.10119672492146,2084.735885620117,nan,nan,nan
95000,0.0,0.13630585372447968,49.51995462179184,475.79413608647883,2099.5597558021545,nan,nan,nan
96000,0.0,0.10832357406616211,49.54096323251724,476.4432216100395,2114.366916656494,nan,nan,nan
97000,0.0,0.13817249238491058,49.559501349925995,477.1459872368723,2129.2803785800934,nan,nan,nan
98000,0.0,0.14903399348258972,49.58160722255707,477.86155086942017,2144.1347024440765,nan,nan,nan
99000,0.0,0.11682029068470001,49.60107904672623,478.551839614287,2159.1506764888763,nan,nan,nan
100000,0.0,0.10231989622116089,49.62470543384552,479.2568888757378,2358.1972317695618,12.034361122118412,0.0,1000.0
101000,0.0,0.1709415316581726,49.64113789796829,480.033598985523,2374.8903498649597,nan,nan,nan
102000,0.0,0.13667312264442444,49.65981698036194,480.6729133948684,2391.253700017929,nan,nan,nan
103000,0.0,0.1320587545633316,49.68260759115219,481.3790293931961,2407.404994726181,nan,nan,nan
104000,0.0,0.12431494146585464,49.69356560707092,482.02212632633746,2423.7292351722717,nan,nan,nan
105000,0.0,0.14374785125255585,49.71113866567612,482.83481820859015,2439.8859910964966,nan,nan,nan
106000,0.0,0.12763936817646027,49.73014211654663,483.5828648824245,2455.202173948288,nan,nan,nan
107000,0.0,0.15980811417102814,49.74854916334152,484.3008817434311,2470.895609855652,nan,nan,nan
108000,0.0,0.1284528374671936,49.764109909534454,484.9427859093994,2486.6543238162994,nan,nan,nan
109000,0.0,0.1528548002243042,49.78325289487839,485.6197528205812,2502.426518678665,nan,nan,nan
110000,0.0,0.15548132359981537,49.802815079689026,486.3832630254328,2518.10982298851,nan,nan,nan
111000,0.0,0.11851877719163895,49.82357984781265,487.03414535336196,2534.041850090027,nan,nan,nan
112000,0.0,0.16944043338298798,49.83792442083359,487.75454442575574,2549.763998746872,nan,nan,nan
113000,0.0,0.15415392816066742,49.86312359571457,488.4110074993223,2565.511911392212,nan,nan,nan
114000,0.0,0.10342239588499069,49.88235533237457,489.1695894356817,2581.0003430843353,nan,nan,nan
115000,0.0,0.11733697354793549,49.90559959411621,489.8417863845825,2597.0808889865875,nan,nan,nan
116000,0.0,0.11568979173898697,49.92856192588806,490.530135050416,2613.4038310050964,nan,nan,nan
117000,0.0,0.15534919500350952,49.95043236017227,491.23312150873244,2629.1178324222565,nan,nan,nan
118000,0.0,0.1270858347415924,49.971324145793915,491.9995275810361,2645.0914390087128,nan,nan,nan
119000,0.0,0.14666558802127838,49.99598973989487,492.7975749336183,2661.507922887802,nan,nan,nan
120000,0.0,0.14066973328590393,50.00499391555786,493.49084455147386,2860.29492855072,17.54699793783398,10.0,1000.0
121000,0.0,0.14402951300144196,50.03148704767227,494.2061621360481,2876.5489761829376,nan,nan,nan
122000,0.0,0.11423041671514511,50.04880803823471,494.89158445969224,2892.6396009922028,nan,nan,nan
123000,0.0,0.1222827136516571,50.05908387899399,495.72837566025555,2908.8331956863403,nan,nan,nan
124000,0.0,0.1498015820980072,50.08173632621765,496.44375502318144,2924.5774104595184,nan,nan,nan
125000,0.0,0.15203359723091125,50.098363637924194,497.1729365270585,2940.2222776412964,nan,nan,nan
126000,0.0,0.12407083809375763,50.117270827293396,498.0126369446516,2955.7894418239594,nan,nan,nan
127000,0.0,0.10913728922605515,50.1433299779892,498.7587850764394,2971.4324700832367,nan,nan,nan
128000,0.0,0.14543487131595612,50.16136556863785,499.5995993744582,2986.951680660248,nan,nan,nan
129000,0.0,0.122095987200737,50.17916977405548,500.3170894831419,3002.7130851745605,nan,nan,nan
130000,0.0,0.12763772904872894,50.20533895492554,501.04194365255535,3018.3426263332367,nan,nan,nan
131000,0.0,0.11706680059432983,50.22692221403122,501.85344020091,3033.853200674057,nan,nan,nan
132000,0.0,0.16866663098335266,50.2467115521431,502.6167842373252,3049.18065905571,nan,nan,nan
133000,0.0,0.1617254763841629,50.2704154253006,503.4382337536663,3064.5145609378815,nan,nan,nan
134000,0.0,0.11767937242984772,50.291738867759705,504.1441771890968,3079.700333595276,nan,nan,nan
135000,0.0,0.14217357337474823,50.304548025131226,504.8651924710721,3095.150946378708,nan,nan,nan
136000,0.0,0.1417030543088913,50.3240060210228,505.67548163607717,3110.8220930099487,nan,nan,nan
137000,0.0,0.13635581731796265,50.34538686275482,506.4392464440316,3127.160420179367,nan,nan,nan
138000,0.0,0.1309582144021988,50.358746945858,507.3301403224468,3143.4787170886993,nan,nan,nan
139000,0.0,0.11954665929079056,50.383885979652405,508.10268327593803,3159.747360944748,nan,nan,nan
140000,0.0,0.13513897359371185,50.4053093791008,508.8967164568603,3359.200860261917,23.022045093083587,50.333333333333336,1000.0
141000,0.0,0.1409636288881302,50.42532020807266,509.66217723302543,3374.498590707779,nan,nan,nan
142000,0.0,0.14567896723747253,50.45207339525223,510.49077397212386,3389.348753929138,nan,nan,nan
143000,0.0,0.13738903403282166,50.47161841392517,511.31165474653244,3404.0269293785095,nan,nan,nan
144000,0.0,0.15774644911289215,50.49565303325653,512.0647392645478,3418.7608931064606,nan,nan,nan
145000,0.0,0.15318381786346436,50.51879119873047,512.8802664745599,3433.4567165374756,nan,nan,nan
146000,0.0,0.12563984096050262,50.53308016061783,513.6921599805355,3448.1319904327393,nan,nan,nan
147000,0.0,0.1223669946193695,50.55519014596939,514.5387049932033,3462.760421514511,nan,nan,nan
148000,0.0,0.14279495179653168,50.581560254096985,515.2980504091829,3478.4682037830353,nan,nan,nan
149000,0.0,0.10599838197231293,50.606491804122925,516.1284484341741,3493.940729379654,nan,nan,nan
150000,0.0,0.1275767982006073,50.619602024555206,516.9568086769432,3509.1106536388397,nan,nan,nan
151000,0.0,0.1089109480381012,50.6414954662323,517.7254970259964,3524.412293434143,nan,nan,nan
152000,0.0,0.12040422111749649,50.66161918640137,518.5635982695967,3539.8694972991943,nan,nan,nan
153000,0.0,0.11446694284677505,50.68442493677139,519.3610664959997,3555.4494454860687,nan,nan,nan
154000,0.0,0.13985447585582733,50.705890238285065,520.2122883182019,3570.920583963394,nan,nan,nan
155000,0.0,0.1092633605003357,50.7311555147171,520.9439575839788,3587.219619512558,nan,nan,nan
156000,0.0,0.1357210874557495,50.75078958272934,521.7670969739556,3603.527888774872,nan,nan,nan
157000,0.0,0.11033761501312256,50.77581340074539,522.5411783736199,3619.8518118858337,nan,nan,nan
158000,0.0,0.1331944316625595,50.79512274265289,523.3729515429586,3636.2155678272247,nan,nan,nan
159000,0.0,0.11047760397195816,50.813127756118774,524.1671899165958,3652.63907790184,nan,nan,nan
160000,0.0,0.1354874074459076,50.829990446567535,524.9941744282842,3854.1691823005676,21.160211895490075,54.666666666666664,1000.0
161000,0.0,0.1221420168876648,50.84773379564285,525.8400824889541,3869.7683198451996,nan,nan,nan
162000,0.0,0.10815099626779556,50.86493843793869,526.618041915819,3885.2241356372833,nan,nan,nan
163000,0.0,0.15298831462860107,50.880065858364105,527.4031798187643,3899.970116853714,nan,nan,nan
164000,0.0,0.12736570835113525,50.909515023231506,528.203421253711,3914.7082738876343,nan,nan,nan
165000,0.0,0.111512191593647,50.932768285274506,529.0046109426767,3929.518801689148,nan,nan,nan
166000,0.0,0.11574586480855942,50.96162933111191,529.815461922437,3944.22056889534,nan,nan,nan
167000,0.0,0.13286103308200836,50.98626786470413,530.6321198288351,3959.0739073753357,nan,nan,nan
168000,0.0,0.12082675099372864,51.00716572999954,531.4212908819318,3973.8639340400696,nan,nan,nan
169000,0.0,0.12883973121643066,51.031052231788635,532.1826049499214,3988.7569830417633,nan,nan,nan
170000,0.0,0.09881190955638885,51.043375968933105,532.9684012327343,4003.516576766968,nan,nan,nan
171000,0.0,0.10045774281024933,51.06401169300079,533.8419065456837,4018.3099658489227,nan,nan,nan
172000,0.0,0.1418323963880539,51.09231114387512,534.5506309289485,4033.189210176468,nan,nan,nan
173000,0.0,0.10523906350135803,51.11237567663193,535.3727171160281,4048.5734951496124,nan,nan,nan
174000,0.0,0.11734271794557571,51.13494783639908,536.151040835306,4064.0348031520844,nan,nan,nan
175000,0.0,0.12813451886177063,51.151302456855774,536.9189779870212,4080.1386168003082,nan,nan,nan
176000,0.0,0.10282384604215622,51.175248503685,537.7365650963038,4096.648000955582,nan,nan,nan
177000,0.0,0.12433022260665894,51.197016298770905,538.5730717051774,4112.8891954422,nan,nan,nan
178000,0.0,0.1068621352314949,51.22036188840866,539.3106877896935,4129.259799003601,nan,nan,nan
179000,0.0,0.11260330677032471,51.24508720636368,540.0576555840671,4145.537128448486,nan,nan,nan
180000,0.0,0.12262371927499771,51.268388509750366,540.8428401499987,4345.136554479599,18.411605129559238,57.0,1000.0
181000,0.0,0.11202292144298553,51.291383504867554,541.6251927334815,4361.294057130814,nan,nan,nan
182000,0.0,0.13604862987995148,51.30815005302429,542.3796997889876,4377.224626779556,nan,nan,nan
183000,0.0,0.07313220202922821,51.33425885438919,543.1136684827507,4393.489410400391,nan,nan,nan
184000,0.0,0.14307276904582977,51.35487508773804,543.8642545025796,4409.546378135681,nan,nan,nan
185000,0.0,0.09690181910991669,51.37605273723602,544.6168074719608,4425.1008179187775,nan,nan,nan
186000,0.0,0.12390684336423874,51.393699407577515,545.317808099091,4440.57239818573,nan,nan,nan
187000,0.0,0.10269278287887573,51.413932502269745,546.0642302837223,4456.002447128296,nan,nan,nan
188000,0.0,0.11464124172925949,51.43753182888031,546.8152522407472,4471.124664545059,nan,nan,nan
189000,0.0,0.1256791651248932,51.46420454978943,547.5425295829773,4486.195923805237,nan,nan,nan
190000,0.0,0.11893625557422638,51.484380543231964,548.2116268575191,4500.88040304184,nan,nan,nan
191000,0.0,0.09224247187376022,51.506192207336426,548.9878561478108,4516.214480400085,nan,nan,nan
192000,0.0,0.0986333116889,51.525125563144684,549.6406992021948,4531.664609670639,nan,nan,nan
193000,0.0,0.1160028800368309,51.5538604259491,550.3691946659237,4547.210727214813,nan,nan,nan
194000,0.0,0.09329826384782791,51.57807147502899,551.053521623835,4562.548210859299,nan,nan,nan
195000,0.0,0.11142142862081528,51.59557622671127,551.7835676465183,4578.100425720215,nan,nan,nan
196000,0.0,0.11187636852264404,51.62019193172455,552.4698091894388,4593.564897537231,nan,nan,nan
197000,0.0,0.08819688856601715,51.6435689330101,553.1364517621696,4608.97763633728,nan,nan,nan
198000,0.0,0.11796217411756516,51.66686588525772,553.8900321405381,4624.39594078064,nan,nan,nan
199000,0.0,0.11982046067714691,51.69237840175629,554.545237166807,4639.762315034866,nan,nan,nan
200000,0.0,0.1137157678604126,51.705541491508484,555.2431627139449,4836.530385971069,19.77577263742955,26.333333333333332,1000.0
201000,0.0,0.09041788429021835,51.72769755125046,555.8981350269169,4852.245798587799,nan,nan,nan
202000,0.0,0.07515066862106323,51.754601776599884,556.5413743890822,4868.202239751816,nan,nan,nan
203000,0.0,0.10503501445055008,51.7789500951767,557.2371407262981,4883.864930152893,nan,nan,nan
204000,0.0,0.10981885343790054,51.79476594924927,557.9068078566343,4899.484972953796,nan,nan,nan
205000,0.0,0.10411673039197922,51.819470286369324,558.6069739311934,4914.954755783081,nan,nan,nan
206000,0.0,0.08489120006561279,51.83479130268097,559.2377137001604,4930.4494042396545,nan,nan,nan
207000,0.0,0.09066104143857956,51.85649645328522,559.8765816297382,4946.132314920425,nan,nan,nan
208000,0.0,0.08838141709566116,51.87629348039627,560.4808238204569,4961.802361488342,nan,nan,nan
209000,0.0,0.08962063491344452,51.89656043052673,561.1388277709484,4977.960029125214,nan,nan,nan
210000,0.0,0.10928178578615189,51.91797465085983,561.8179584760219,4994.402765750885,nan,nan,nan
211000,0.0,0.10883969068527222,51.9363928437233,562.4340315628797,5010.539170742035,nan,nan,nan
212000,0.0,0.09397096931934357,51.95658993721008,563.0427239369601,5027.06608247757,nan,nan,nan
213000,0.0,0.09112977236509323,51.97465366125107,563.693802991882,5043.570945739746,nan,nan,nan
214000,0.0,0.09976211190223694,51.99684679508209,564.2628288418055,5059.767726659775,nan,nan,nan
215000,0.0,0.09908618777990341,52.02130973339081,564.9053740371019,5076.022571563721,nan,nan,nan
216000,0.0,0.10966987907886505,52.042955577373505,565.5292419586331,5092.417285680771,nan,nan,nan
217000,0.0,0.10517556220293045,52.06547063589096,566.1642884295434,5108.007931947708,nan,nan,nan
218000,0.0,0.07834477722644806,52.08782857656479,566.7930754330009,5123.402540683746,nan,nan,nan
219000,0.0,0.0931694507598877,52.11043852567673,567.3571291342378,5138.842278242111,nan,nan,nan
220000,0.0,0.08736436069011688,52.13275820016861,567.9612967483699,5333.840673685074,16.436031931633533,29.333333333333332,1000.0
221000,0.0,0.08672786504030228,52.15322798490524,568.5792714096606,5349.442247390747,nan,nan,nan
222000,0.0,0.08813200891017914,52.17447328567505,569.1692529115826,5365.135016679764,nan,nan,nan
223000,0.0,0.10232190787792206,52.1858314871788,569.8089971560985,5380.933318138123,nan,nan,nan
224000,0.0,0.08183348178863525,52.203656017780304,570.3782440833747,5396.773212432861,nan,nan,nan
225000,0.0,0.08262687176465988,52.228769183158875,570.9374303910881,5412.44225358963,nan,nan,nan
226000,0.0,0.08203835040330887,52.24422800540924,571.5283260941505,5428.164591312408,nan,nan,nan
227000,0.0,0.07044494152069092,52.268921971321106,572.1310539823025,5444.238552331924,nan,nan,nan
228000,0.0,0.10884177684783936,52.293928027153015,572.7175530977547,5460.690408706665,nan,nan,nan
229000,0.0,0.0804474726319313,52.31393039226532,573.2631822377443,5477.2205312252045,nan,nan,nan
230000,0.0,0.0834561288356781,52.338692128658295,573.875960143283,5493.750702619553,nan,nan,nan
231000,0.0,0.10937273502349854,52.349257707595825,574.4451046437025,5510.192447185516,nan,nan,nan
232000,0.0,0.06752707809209824,52.363432824611664,575.0191879849881,5526.477316379547,nan,nan,nan
233000,0.0,0.07477368414402008,52.38266861438751,575.6092965248972,5542.913275241852,nan,nan,nan
234000,0.0,0.09085723757743835,52.408982932567596,576.1623954325914,5559.287168264389,nan,nan,nan
235000,0.0,0.06804442405700684,52.42781889438629,576.7165529318154,5575.678747415543,nan,nan,nan
236000,0.0,0.060665421187877655,52.438228249549866,577.2864662706852,5592.101908683777,nan,nan,nan
237000,0.0,0.08298421651124954,52.462411880493164,577.8451440148056,5608.451611280441,nan,nan,nan
238000,0.0,0.09800165891647339,52.47967290878296,578.382551368326,5624.716238260269,nan,nan,nan
239000,0.0,0.09844307601451874,52.498728573322296,578.9254999477416,5640.997577905655,nan,nan,nan
240000,0.0,0.07414966821670532,52.52182221412659,579.4811300542206,5833.664169549942,11.21673978523173,9.666666666666666,1000.0
241000,0.0,0.07067537307739258,52.53560173511505,580.0648061390966,5848.822662591934,nan,nan,nan
242000,0.0,0.08161900192499161,52.55169814825058,580.5767944566905,5863.938616275787,nan,nan,nan
243000,0.0,0.07523331791162491,52.567435801029205,581.1127328425646,5878.825723648071,nan,nan,nan
244000,0.0,0.08803997188806534,52.59124892950058,581.6514661684632,5894.362669706345,nan,nan,nan
245000,0.0,0.0708705484867096,52.6123121380806,582.2025259546936,5910.528699398041,nan,nan,nan
246000,0.0,0.05469846352934837,52.63706719875336,582.7261628042907,5926.676775217056,nan,nan,nan
247000,0.0,0.08971555531024933,52.655196845531464,583.2395640797913,5943.025613307953,nan,nan,nan
248000,0.0,0.07008115947246552,52.67439901828766,583.7487522531301,5959.323442697525,nan,nan,nan
249000,0.0,0.07952846586704254,52.69188350439072,584.277361985296,5975.710943937302,nan,nan,nan
250000,0.0,0.10301021486520767,52.71428006887436,584.8038040697575,5991.971848964691,nan,nan,nan
251000,0.0,0.08245883882045746,52.729638159275055,585.2973497342318,6008.35129070282,nan,nan,nan
252000,0.0,0.0809783786535263,52.74287164211273,585.8406201284379,6024.554500579834,nan,nan,nan
253000,0.0,0.07574841380119324,52.77341103553772,586.37104867585,6040.940117359161,nan,nan,nan
254000,0.0,0.08234164118766785,52.78848570585251,586.8584626317024,6057.188476085663,nan,nan,nan
255000,0.0,0.06637151539325714,52.79993945360184,587.3887513931841,6073.508323907852,nan,nan,nan
256000,0.0,0.0893615260720253,52.81892240047455,587.883752213791,6089.801214456558,nan,nan,nan
257000,0.0,0.09092878550291061,52.841681122779846,588.3956167437136,6106.16668510437,nan,nan,nan
258000,0.0,0.07430081814527512,52.860873222351074,588.893505807966,6122.486398220062,nan,nan,nan
259000,0.0,0.058969974517822266,52.878754794597626,589.4413697496057,6138.590171575546,nan,nan,nan
260000,0.0,0.06938673555850983,52.90039658546448,589.9236750230193,6333.203891038895,14.939749963172646,46.0,1000.0
261000,0.0,0.07628536969423294,52.92641818523407,590.420939790085,6347.969465970993,nan,nan,nan
262000,0.0,0.05034279450774193,52.94746446609497,590.9602535758168,6362.725305318832,nan,nan,nan
263000,0.0,0.056765563786029816,52.9709056019783,591.465121107176,6377.982293605804,nan,nan,nan
264000,0.0,0.08308213204145432,52.99520093202591,591.9543470609933,6393.298583269119,nan,nan,nan
265000,0.0,0.054804157465696335,53.01371121406555,592.4195269886404,6408.681727409363,nan,nan,nan
266000,0.0,0.07305767387151718,53.02774631977081,592.9427166189998,6424.1520047187805,nan,nan,nan
267000,0.0,0.08128495514392853,53.04914593696594,593.3975751865655,6439.4578149318695,nan,nan,nan
268000,0.0,0.09649490565061569,53.065375566482544,593.9211229588836,6454.856300115585,nan,nan,nan
269000,0.0,0.07449786365032196,53.08188557624817,594.393707215786,6470.192735671997,nan,nan,nan
270000,0.0,0.08292708545923233,53.10942059755325,594.8887366261333,6485.519347906113,nan,nan,nan
271000,0.0,0.06696779280900955,53.12488800287247,595.3875583093613,6501.472448825836,nan,nan,nan
272000,0.0,0.07066469639539719,53.140284299850464,595.8483651429415,6517.7964408397675,nan,nan,nan
273000,0.0,0.07294504344463348,53.1591317653656,596.3457067217678,6534.114831447601,nan,nan,nan
274000,0.0,0.09683002531528473,53.18098443746567,596.8092258684337,6550.460173845291,nan,nan,nan
275000,0.0,0.064663827419281,53.202870547771454,597.2845183666795,6566.8080701828,nan,nan,nan
276000,0.0,0.060530874878168106,53.21897101402283,597.7516601700336,6583.078378200531,nan,nan,nan
277000,0.0,0.0638950988650322,53.24213618040085,598.2430440206081,6599.583689451218,nan,nan,nan
278000,0.0,0.06944397836923599,53.258120357990265,598.7335335761309,6615.971826076508,nan,nan,nan
279000,0.0,0.09162227809429169,53.27983444929123,599.2000091932714,6632.284361362457,nan,nan,nan
280000,0.0,0.06904317438602448,53.302796363830566,599.6660460159183,6826.4731068611145,8.487682689659707,42.0,1000.0
281000,0.0,0.0780305489897728,53.319598615169525,600.1138191707432,6842.862373828888,nan,nan,nan
282000,0.0,0.09679984301328659,53.34265327453613,600.5832212716341,6859.071619510651,nan,nan,nan
283000,0.0,0.06524354964494705,53.3625345826149,601.0644579902291,6875.299190998077,nan,nan,nan
284000,0.0,0.06815984100103378,53.379345059394836,601.515144566074,6891.533717393875,nan,nan,nan
285000,0.0,0.06846550107002258,53.40653079748154,601.9598197713494,6908.014687776566,nan,nan,nan
286000,0.0,0.051209986209869385,53.42249494791031,602.4047814495862,6923.42604804039,nan,nan,nan
287000,0.0,0.05202462896704674,53.44379550218582,602.8574299439788,6938.935713768005,nan,nan,nan
288000,0.0,0.06108946353197098,53.45731633901596,603.2911388780922,6954.346283912659,nan,nan,nan
289000,0.0,0.06985943764448166,53.47978150844574,603.7881685514003,6969.754993677139,nan,nan,nan
290000,0.0,0.062198247760534286,53.50229561328888,604.2190289124846,6984.970499038696,nan,nan,nan
291000,0.0,0.07363574951887131,53.521192729473114,604.6294589545578,7000.329281330109,nan,nan,nan
292000,0.0,0.09274426102638245,53.54242676496506,605.1249409448355,7015.652904748917,nan,nan,nan
293000,0.0,0.06282216310501099,53.56559181213379,605.6058274805546,7031.073073625565,nan,nan,nan
294000,0.0,0.08465717732906342,53.590808153152466,606.0402311310172,7046.3829600811005,nan,nan,nan
295000,0.0,0.04341525584459305,53.613404750823975,606.4601803254336,7061.79866027832,nan,nan,nan
296000,0.0,0.06737244129180908,53.637187242507935,606.9045958649367,7077.283666849136,nan,nan,nan
297000,0.0,0.062076542526483536,53.644826889038086,607.3555227722973,7092.798179864883,nan,nan,nan
298000,0.0,0.06140945106744766,53.66024911403656,607.7874644566327,7108.250361442566,nan,nan,nan
299000,0.0,0.07871028780937195,53.68298387527466,608.231902282685,7124.050566911697,nan,nan,nan
300000,0.0,0.05573785677552223,53.705460011959076,608.6852896660566,7319.1873145103455,17.403399491704008,39.0,1000.0
301000,0.0,0.05572066083550453,53.72640669345856,609.1472291368991,7335.827523946762,nan,nan,nan
302000,0.0,0.0699407160282135,53.7392144203186,609.567449953407,7352.295273065567,nan,nan,nan
303000,0.0,0.07979682832956314,53.759564220905304,609.9836167059839,7368.740144729614,nan,nan,nan
304000,0.0,0.060076966881752014,53.7876141667366,610.4311101790518,7385.077074289322,nan,nan,nan
305000,0.0,0.07069182395935059,53.80807316303253,610.8770818002522,7401.514559745789,nan,nan,nan
306000,0.0,0.07606267184019089,53.827540040016174,611.2874967884272,7417.9978723526,nan,nan,nan
307000,0.0,0.05114766210317612,53.84945619106293,611.7026860695332,7434.5415732860565,nan,nan,nan
308000,0.0,0.0646730288863182,53.86608171463013,612.1567132361233,7450.856076002121,nan,nan,nan
309000,0.0,0.08043812215328217,53.88185340166092,612.5851887091994,7467.251746416092,nan,nan,nan
310000,0.0,0.08243585377931595,53.89939361810684,613.0217959545553,7483.505987882614,nan,nan,nan
311000,0.0,0.054806746542453766,53.92552810907364,613.4560103416443,7499.82869887352,nan,nan,nan
312000,0.0,0.060518134385347366,53.946234703063965,613.8751846719533,7516.08215045929,nan,nan,nan
313000,0.0,0.05572791397571564,53.972883105278015,614.3079171422869,7531.923238039017,nan,nan,nan
314000,0.0,0.05662170425057411,53.9885578751564,614.7297485787421,7547.26135969162,nan,nan,nan
315000,0.0,0.06432463973760605,54.003197610378265,615.1431222930551,7562.579816818237,nan,nan,nan
316000,0.0,0.08100952953100204,54.024598240852356,615.5522814057767,7577.875824928284,nan,nan,nan
317000,0.0,0.06149799004197121,54.03967487812042,615.9839117843658,7592.556207180023,nan,nan,nan
318000,0.0,0.0668211430311203,54.059477388858795,616.3863593991846,7607.201160430908,nan,nan,nan
319000,0.0,0.07067880034446716,54.08089196681976,616.7776633482426,7621.899006605148,nan,nan,nan
320000,0.0,0.058091286569833755,54.09556919336319,617.2053863555193,7814.326935052872,8.805871716688337,26.0,1000.0
321000,0.0,0.0513334684073925,54.10931617021561,617.622844921425,7830.656436443329,nan,nan,nan
322000,0.0,0.06127329170703888,54.135812282562256,618.0545772891492,7846.840934514999,nan,nan,nan
323000,0.0,0.06302954256534576,54.15500020980835,618.442399168387,7863.243512868881,nan,nan,nan
324000,0.0,0.059471018612384796,54.172088980674744,618.8586369268596,7879.455174446106,nan,nan,nan
325000,0.0,0.06695655733346939,54.182706356048584,619.247379956767,7896.021202802658,nan,nan,nan
326000,0.0,0.060582198202610016,54.19987899065018,619.6483691260219,7912.325608730316,nan,nan,nan
327000,0.0,0.051504265516996384,54.22459840774536,620.0517952851951,7928.521101474762,nan,nan,nan
328000,0.0,0.042268846184015274,54.236695647239685,620.4412190299481,7944.9381103515625,nan,nan,nan
329000,0.0,0.07491450756788254,54.25963294506073,620.8695990573615,7961.299309253693,nan,nan,nan
330000,0.0,0.06025129556655884,54.27992534637451,621.2223931178451,7977.558267593384,nan,nan,nan
331000,0.0,0.05886005982756615,54.296716153621674,621.6146092545241,7993.916273355484,nan,nan,nan
332000,0.0,0.048799991607666016,54.31280094385147,622.045101094991,8010.153018474579,nan,nan,nan
333000,0.0,0.06666886061429977,54.33440673351288,622.4324133731425,8026.5394740104675,nan,nan,nan
334000,0.0,0.058531373739242554,54.351627230644226,622.8365312349051,8042.928137302399,nan,nan,nan
335000,0.0,0.045039426535367966,54.370007276535034,623.2513807285577,8058.584814548492,nan,nan,nan
336000,0.0,0.07141979783773422,54.38831317424774,623.653935695067,8074.453834295273,nan,nan,nan
337000,0.0,0.06254154443740845,54.40627270936966,624.0305436067283,8089.761934518814,nan,nan,nan
338000,0.0,0.05418689176440239,54.42442578077316,624.4492131639272,8105.067472219467,nan,nan,nan
339000,0.0,0.06333951652050018,54.44581341743469,624.8149187657982,8121.098971605301,nan,nan,nan
340000,0.0,0.05197986215353012,54.464019894599915,625.2228994648904,8313.36027598381,11.867312499291879,24.333333333333332,1000.0
341000,0.0,0.05400928854942322,54.488140881061554,625.6050114389509,8329.866961717606,nan,nan,nan
342000,0.0,0.059811826795339584,54.50942486524582,625.999602239579,8346.301748037338,nan,nan,nan
343000,0.0,0.07098750025033951,54.530508637428284,626.3724515046924,8362.66554903984,nan,nan,nan
344000,0.0,0.07388745993375778,54.54491484165192,626.748776871711,8379.105811357498,nan,nan,nan
345000,0.0,0.07451564073562622,54.561063289642334,627.1323168892413,8395.462617397308,nan,nan,nan
346000,0.0,0.05457509681582451,54.5794535279274,627.5143312141299,8411.739146709442,nan,nan,nan
347000,0.0,0.06802951544523239,54.593812108039856,627.8830739278346,8427.884406328201,nan,nan,nan
348000,0.0,0.05092133209109306,54.613878309726715,628.2521268036216,8444.21386551857,nan,nan,nan
349000,0.0,0.05464246869087219,54.63672387599945,628.6347724050283,8460.650745868683,nan,nan,nan
350000,0.0,0.06774559617042542,54.651833951473236,629.0129079148173,8476.995047569275,nan,nan,nan
351000,0.0,0.06392721086740494,54.664103627204895,629.4338108617812,8493.169422149658,nan,nan,nan
352000,0.0,0.06471963226795197,54.67769205570221,629.8113947063684,8509.26708817482,nan,nan,nan
353000,0.0,0.048782676458358765,54.69544982910156,630.193507142365,8524.958858251572,nan,nan,nan
354000,0.0,0.04247831553220749,54.70669448375702,630.5747857298702,8540.62822341919,nan,nan,nan
355000,0.0,0.05365905910730362,54.72677278518677,630.9536551516503,8556.376904249191,nan,nan,nan
356000,0.0,0.06793192774057388,54.747780442237854,631.3597238473594,8571.846784591675,nan,nan,nan
357000,0.0,0.053039029240608215,54.76381266117096,631.699193764478,8587.374646186829,nan,nan,nan
358000,0.0,0.047077056020498276,54.78029078245163,632.0877006240189,8603.01098561287,nan,nan,nan
359000,0.0,0.04757831245660782,54.798110365867615,632.4707695618272,8618.808124780655,nan,nan,nan
360000,0.0,0.06223999336361885,54.81754833459854,632.8549813125283,8816.10113954544,14.328442188741633,20.333333333333332,1000.0
361000,0.0,0.048788685351610184,54.83660554885864,633.2447297014296,8831.70492196083,nan,nan,nan
362000,0.0,0.07324422895908356,54.861408829689026,633.6128668598831,8847.057686567307,nan,nan,nan
363000,0.0,0.0772557482123375,54.881406366825104,633.9842571616173,8862.713724851608,nan,nan,nan
364000,0.0,0.06873448938131332,54.89878314733505,634.3446773383766,8878.328001260757,nan,nan,nan
365000,0.0,0.05752934142947197,54.920018672943115,634.7009678389877,8893.912725925446,nan,nan,nan
366000,0.0,0.05419803783297539,54.932150423526764,635.0881455093622,8909.205787181854,nan,nan,nan
367000,0.0,0.0645168349146843,54.95384204387665,635.4224556628615,8924.970074176788,nan,nan,nan
368000,0.0,0.05350559949874878,54.96676790714264,635.8246774040163,8941.202962875366,nan,nan,nan
369000,0.0,0.05391199141740799,54.977971374988556,636.159308463335,8957.52648973465,nan,nan,nan
370000,0.0,0.04230336844921112,54.99318552017212,636.509184429422,8973.66384935379,nan,nan,nan
371000,0.0,0.06199156120419502,55.012952864170074,636.878016622737,8989.24524140358,nan,nan,nan
372000,0.0,0.050928693264722824,55.03590553998947,637.2279389835894,9004.868858098984,nan,nan,nan
373000,0.0,0.051774680614471436,55.05088567733765,637.5863042306155,9020.49778175354,nan,nan,nan
374000,0.0,0.04067353531718254,55.06753492355347,637.9490400310606,9035.986182928085,nan,nan,nan
375000,0.0,0.04209591820836067,55.085546016693115,638.2852797321975,9051.277195453644,nan,nan,nan
376000,0.0,0.042878247797489166,55.0987503528595,638.650238012895,9066.748685121536,nan,nan,nan
377000,0.0,0.05028405040502548,55.11664479970932,639.0229001510888,9082.747594118118,nan,nan,nan
378000,0.0,0.06615659594535828,55.13830602169037,639.3909766059369,9098.223296880722,nan,nan,nan
379000,0.0,0.04746731370687485,55.1563885807991,639.762653650716,9113.950154304504,nan,nan,nan
380000,0.0,0.04273104667663574,55.17577546834946,640.080239104107,9313.321942806244,15.220774421799392,14.333333333333334,1000.0
381000,0.0,0.04834357276558876,55.190553426742554,640.4356344677508,9329.66794371605,nan,nan,nan
382000,0.0,0.061008270829916,55.20799320936203,640.796370472759,9345.043015480042,nan,nan,nan
383000,0.0,0.05445750802755356,55.214522778987885,641.1300786994398,9360.483731269836,nan,nan,nan
384000,0.0,0.06813803315162659,55.23104625940323,641.4865423496813,9375.920713186264,nan,nan,nan
385000,0.0,0.058776263147592545,55.25086635351181,641.8121501766145,9391.28403043747,nan,nan,nan
386000,0.0,0.058767419308423996,55.27091282606125,642.1613211296499,9406.588817834854,nan,nan,nan
387000,0.0,0.05726778134703636,55.281157076358795,642.4966458007693,9421.911187171936,nan,nan,nan
388000,0.0,0.05147825926542282,55.29937922954559,642.9019279740751,9437.218767166138,nan,nan,nan
389000,0.0,0.05914900824427605,55.31988829374313,643.2226173765957,9452.507931232452,nan,nan,nan
390000,0.0,0.042478740215301514,55.33891177177429,643.5949916765094,9467.473297834396,nan,nan,nan
391000,0.0,0.05583987012505531,55.35082083940506,643.9581299051642,9482.379381418228,nan,nan,nan
392000,0.0,0.05781325697898865,55.369523108005524,644.3013282828033,9497.224316596985,nan,nan,nan
393000,0.0,0.04814101383090019,55.38540118932724,644.6500366572291,9512.18833398819,nan,nan,nan
394000,0.0,0.03249465301632881,55.40100967884064,645.0143116340041,9527.037889242172,nan,nan,nan
395000,0.0,0.07076434046030045,55.417249381542206,645.4147614967078,9542.992743253708,nan,nan,nan
396000,0.0,0.0425381176173687,55.43814992904663,645.7570433896035,9559.250565767288,nan,nan,nan
397000,0.0,0.0482499860227108,55.45115375518799,646.0816162079573,9575.230838298798,nan,nan,nan
398000,0.0,0.06209307163953781,55.47432625293732,646.4081313554198,9590.946222782135,nan,nan,nan
399000,0.0,0.055145327001810074,55.4874752163887,646.7710431013256,9606.74406337738,nan,nan,nan
400000,0.0,0.043276313692331314,55.504584550857544,647.0952739883214,9807.20244717598,17.437258732990617,32.666666666666664,1000.0
401000,0.0,0.05281522497534752,55.5235151052475,647.4297907371074,9823.598713636398,nan,nan,nan
402000,0.0,0.04866114631295204,55.5418142080307,647.7821864578873,9839.922811508179,nan,nan,nan
403000,0.0,0.05277175083756447,55.55160242319107,648.0929861851037,9856.281880617142,nan,nan,nan
404000,0.0,0.0545756034553051,55.5754035115242,648.4379679560661,9872.432929992676,nan,nan,nan
405000,0.0,0.06596365571022034,55.594717025756836,648.7926843818277,9888.52213215828,nan,nan,nan
406000,0.0,0.0625898540019989,55.608565270900726,649.155823295936,9904.608101844788,nan,nan,nan
407000,0.0,0.060537923127412796,55.63117581605911,649.4849010165781,9920.520013332367,nan,nan,nan
408000,0.0,0.037330467253923416,55.65227746963501,649.8684466034174,9936.333522319794,nan,nan,nan
409000,0.0,0.046271372586488724,55.672733664512634,650.178736416623,9951.534982919693,nan,nan,nan
410000,0.0,0.042248331010341644,55.690772116184235,650.5532882399857,9966.324845790863,nan,nan,nan
411000,0.0,0.04907570034265518,55.70541566610336,650.8766371067613,9981.132031917572,nan,nan,nan
412000,0.0,0.04799985885620117,55.724224865436554,651.2143970597535,9995.94733953476,nan,nan,nan
413000,0.0,0.05155455693602562,55.74396026134491,651.528412412852,10010.75424528122,nan,nan,nan
414000,0.0,0.035937920212745667,55.76008319854736,651.858459521085,10025.584978103638,nan,nan,nan
415000,0.0,0.06412515789270401,55.76733922958374,652.1936958618462,10040.419558048248,nan,nan,nan
416000,0.0,0.04787726700305939,55.77887064218521,652.5096122752875,10055.437780380249,nan,nan,nan
417000,0.0,0.046743571758270264,55.80350375175476,652.8266634251922,10070.213629484177,nan,nan,nan
418000,0.0,0.04963184520602226,55.82286185026169,653.146407045424,10084.9949696064,nan,nan,nan
419000,0.0,0.07771030813455582,55.84045249223709,653.4718751739711,10099.739650726318,nan,nan,nan
420000,0.0,0.06270109862089157,55.858226239681244,653.8072895761579,10300.42647242546,19.927151397248462,0.0,1000.0
421000,0.0,0.07976529002189636,55.874846279621124,654.1340894699097,10316.653781175613,nan,nan,nan
422000,0.0,0.04508098587393761,55.89114338159561,654.4677282907069,10333.015572547913,nan,nan,nan
423000,0.0,0.042385708540678024,55.9067108631134,654.8026228342205,10349.2984893322,nan,nan,nan
424000,0.0,0.05001410096883774,55.92120462656021,655.1413788162172,10365.674476385117,nan,nan,nan
425000,0.0,0.045221734791994095,55.941326677799225,655.4858369398862,10381.879909276962,nan,nan,nan
426000,0.0,0.04266037046909332,55.96287715435028,655.8013438824564,10397.97720837593,nan,nan,nan
427000,0.0,0.04242274910211563,55.982452154159546,656.1255981661379,10413.739938735962,nan,nan,nan
428000,0.0,0.04661599546670914,56.00436097383499,656.4752489645034,10429.504397153854,nan,nan,nan
429000,0.0,0.08515141904354095,56.0170294046402,656.7915754709393,10445.212806940079,nan,nan,nan
430000,0.0,0.05671650171279907,56.03961771726608,657.1174023039639,10460.947957515717,nan,nan,nan
431000,0.0,0.044189319014549255,56.05822068452835,657.4669826682657,10476.713990926743,nan,nan,nan
432000,0.0,0.05037259683012962,56.07391119003296,657.7700716424733,10492.431946516037,nan,nan,nan
433000,0.0,0.042512036859989166,56.09003442525864,658.0823016576469,10508.03512954712,nan,nan,nan
434000,0.0,0.04479951411485672,56.10496497154236,658.4094394054264,10523.65526175499,nan,nan,nan
435000,0.0,0.04169168695807457,56.11831486225128,658.6992100123316,10539.508582353592,nan,nan,nan
436000,0.0,0.03691618889570236,56.137492060661316,659.0400874596089,10554.722684144974,nan,nan,nan
437000,0.0,0.04569580778479576,56.15918868780136,659.336154859513,10569.570931196213,nan,nan,nan
438000,0.0,0.05221391096711159,56.17824327945709,659.6713740509003,10584.89701128006,nan,nan,nan
439000,0.0,0.04891998693346977,56.20237356424332,659.9876552373171,10600.329827070236,nan,nan,nan
440000,0.0,0.06369486451148987,56.21681320667267,660.3064593356103,10798.890193223953,19.20040894944377,33.333333333333336,1000.0
441000,0.0,0.053588394075632095,56.23503249883652,660.633889304474,10815.52346253395,nan,nan,nan
442000,0.0,0.046267300844192505,56.25098913908005,660.9339397270232,10831.841133594513,nan,nan,nan
443000,0.0,0.042236752808094025,56.257390797138214,661.2498395815492,10848.074706315994,nan,nan,nan
444000,0.0,0.03906999155879021,56.279548943042755,661.565663151443,10863.897384643555,nan,nan,nan
445000,0.0,0.060200292617082596,56.29474729299545,661.8735042605549,10879.837026119232,nan,nan,nan
446000,0.0,0.05852175131440163,56.30837672948837,662.1926493793726,10895.738485097885,nan,nan,nan
447000,0.0,0.050652556121349335,56.3225559592247,662.4903255403042,10911.313114404678,nan,nan,nan
448000,0.0,0.06638295948505402,56.34086358547211,662.8008008375764,10926.710745096207,nan,nan,nan
449000,0.0,0.05215652287006378,56.362860560417175,663.1158843152225,10942.458705186844,nan,nan,nan
450000,0.0,0.04678644612431526,56.38866740465164,663.4371695406735,10958.22644329071,nan,nan,nan
451000,0.0,0.052202802151441574,56.40454572439194,663.7520768698305,10974.07721734047,nan,nan,nan
452000,0.0,0.043074093759059906,56.42343062162399,664.0805686023086,10989.91059756279,nan,nan,nan
453000,0.0,0.0400322861969471,56.4457910656929,664.3489894904196,11005.712881088257,nan,nan,nan
454000,0.0,0.037090230733156204,56.45939087867737,664.643107553944,11021.32805943489,nan,nan,nan
455000,0.0,0.04023490101099014,56.474366903305054,664.9511223807931,11036.971996307373,nan,nan,nan
456000,0.0,0.06167443096637726,56.492931604385376,665.2462948337197,11053.104875087738,nan,nan,nan
457000,0.0,0.08279230445623398,56.51068341732025,665.5750607289374,11069.433574676514,nan,nan,nan
458000,0.0,0.04513426870107651,56.51628404855728,665.9064980726689,11085.782789230347,nan,nan,nan
459000,0.0,0.05225464701652527,56.5313258767128,666.2038906831294,11101.892509937286,nan,nan,nan
460000,0.0,0.03582952916622162,56.55087071657181,666.5094415415078,11300.772551774979,13.497247267949,22.666666666666668,1000.0
461000,0.0,0.051453545689582825,56.55652964115143,666.8421678096056,11316.198785305023,nan,nan,nan
462000,0.0,0.054437823593616486,56.57591909170151,667.1129156891257,11331.212879896164,nan,nan,nan
463000,0.0,0.06537739932537079,56.59605288505554,667.4491327740252,11346.79724407196,nan,nan,nan
464000,0.0,0.04845220595598221,56.614325404167175,667.7296098750085,11362.57531952858,nan,nan,nan
465000,0.0,0.04180455580353737,56.638836443424225,668.0415181145072,11378.200798034668,nan,nan,nan
466000,0.0,0.03943314775824547,56.65570056438446,668.3577744495124,11393.880015850067,nan,nan,nan
467000,0.0,0.0375097431242466,56.67063170671463,668.6449370179325,11409.751611709595,nan,nan,nan
468000,0.0,0.03367598354816437,56.685814917087555,668.9348248373717,11425.756670236588,nan,nan,nan
469000,0.0,0.04163355380296707,56.70703721046448,669.2335660345852,11441.47377538681,nan,nan,nan
470000,0.0,0.06120612099766731,56.72119480371475,669.5463870316744,11457.11151099205,nan,nan,nan
471000,0.0,0.057954829186201096,56.7370001077652,669.8680959492922,11472.869180440903,nan,nan,nan
472000,0.0,0.04931337758898735,56.75508540868759,670.1618902664632,11488.611447811127,nan,nan,nan
473000,0.0,0.0462915301322937,56.77002513408661,670.4468244984746,11504.25466299057,nan,nan,nan
474000,0.0,0.06351363658905029,56.79304480552673,670.7563616521657,11520.745522260666,nan,nan,nan
475000,0.0,0.05084714666008949,56.81015241146088,671.0728419013321,11537.304605007172,nan,nan,nan
476000,0.0,0.04764525592327118,56.82659828662872,671.3665977194905,11553.704908847809,nan,nan,nan
477000,0.0,0.0689677894115448,56.84947973489761,671.6779523007572,11570.019758224487,nan,nan,nan
478000,0.0,0.03314298391342163,56.8671737909317,671.9776624143124,11586.295986413956,nan,nan,nan
479000,0.0,0.05813569203019142,56.8816539645195,672.3020727988333,11602.661158800125,nan,nan,nan
480000,0.0,0.05371212959289551,56.90069633722305,672.5731422435492,11802.213682413101,15.578835428364428,6.333333333333333,1000.0
481000,0.0,0.04259589686989784,56.92085039615631,672.8596588931978,11816.990282297134,nan,nan,nan
482000,0.0,0.04615074396133423,56.937207758426666,673.1466078106314,11832.059112071991,nan,nan,nan
483000,0.0,0.05209682136774063,56.96337103843689,673.457570720464,11846.911635398865,nan,nan,nan
484000,0.0,0.04142778366804123,56.97762793302536,673.743438301608,11861.71178483963,nan,nan,nan
485000,0.0,0.059195615351200104,56.991866528987885,674.0395133774728,11876.682725906372,nan,nan,nan
486000,0.0,0.0369248166680336,57.01234030723572,674.3541649505496,11891.922844171524,nan,nan,nan
487000,0.0,0.044454123824834824,57.027207136154175,674.6246644482017,11906.68294596672,nan,nan,nan
488000,0.0,0.04470500349998474,57.046781837940216,674.903014332056,11921.474816322327,nan,nan,nan
489000,0.0,0.03849467635154724,57.060162007808685,675.1728809401393,11936.477921962738,nan,nan,nan
490000,0.0,0.05669665336608887,57.07538378238678,675.4802352841944,11952.65176987648,nan,nan,nan
491000,0.0,0.04676814749836922,57.087993025779724,675.7575407773256,11968.483873844147,nan,nan,nan
492000,0.0,0.04296335205435753,57.09972411394119,676.0333654563874,11984.830626487732,nan,nan,nan
493000,0.0,0.050410401076078415,57.11925542354584,676.3231948111206,12001.299662590027,nan,nan,nan
494000,0.0,0.04377337172627449,57.13681256771088,676.6270230729133,12017.704308509827,nan,nan,nan
495000,0.0,0.042567178606987,57.15929961204529,676.8950534146279,12034.044910430908,nan,nan,nan
496000,0.0,0.046820901334285736,57.177596271038055,677.1985946502537,12050.357470035553,nan,nan,nan
497000,0.0,0.0354144424200058,57.20030975341797,677.4928616769612,12066.785637378693,nan,nan,nan
498000,0.0,0.04442431405186653,57.22077429294586,677.8043957520276,12082.827937841415,nan,nan,nan
499000,0.0,0.04019158333539963,57.23645758628845,678.05405552499,12099.147077083588,nan,nan,nan
500000,0.0,0.031101474538445473,57.25578045845032,678.3501296136528,12298.226985692978,21.579485750540247,23.666666666666668,1000.0
501000,0.0,0.05646929144859314,57.26810449361801,678.6212215404958,12314.280240058899,nan,nan,nan
502000,0.0,0.024830732494592667,57.2805016040802,678.9213081598282,12330.238162755966,nan,nan,nan
503000,0.0,0.02474536933004856,57.29124903678894,679.2221200317144,12346.16723227501,nan,nan,nan
504000,0.0,0.05125219747424126,57.31023555994034,679.5107253994793,12361.571393013,nan,nan,nan
505000,0.0,0.03715138882398605,57.32694464921951,679.8026489540935,12376.711194992065,nan,nan,nan
506000,0.0,0.05494951829314232,57.340591609478,680.1082638539374,12391.943246126175,nan,nan,nan
507000,0.0,0.04488160088658333,57.35284274816513,680.3748946636915,12406.81471323967,nan,nan,nan
508000,0.0,0.04454047977924347,57.36566162109375,680.6702622976154,12421.640772342682,nan,nan,nan
509000,0.0,0.04732958599925041,57.38570976257324,680.9388758018613,12436.572038412094,nan,nan,nan
510000,0.0,0.04267715662717819,57.401726722717285,681.2252981867641,12451.79232263565,nan,nan,nan
511000,0.0,0.03764429688453674,57.42029893398285,681.4800191260874,12467.041994333267,nan,nan,nan
512000,0.0,0.022152850404381752,57.44109928607941,681.7585643734783,12482.350449085236,nan,nan,nan
513000,0.0,0.0443483404815197,57.45882123708725,682.0350691396743,12497.713195323944,nan,nan,nan
514000,0.0,0.05524689704179764,57.47549057006836,682.3125860597938,12513.24040555954,nan,nan,nan
515000,0.0,0.04803203046321869,57.492418110370636,682.6012075841427,12528.683031797409,nan,nan,nan
516000,0.0,0.03444206342101097,57.51598560810089,682.9188918005675,12544.064602136612,nan,nan,nan
517000,0.0,0.046014454215765,57.53127557039261,683.1586969587952,12560.341266870499,nan,nan,nan
518000,0.0,0.04082690551877022,57.55019348859787,683.4433735236526,12576.615772485733,nan,nan,nan
519000,0.0,0.0474863164126873,57.564272940158844,683.7475242689252,12592.998576641083,nan,nan,nan
520000,0.0,0.0479077473282814,57.574956238269806,684.0333903282881,12791.587119102478,20.23423984840996,3.3333333333333335,1000.0
521000,0.0,0.0350307822227478,57.59224992990494,684.335259154439,12807.141065120697,nan,nan,nan
522000,0.0,0.05060075223445892,57.61420351266861,684.5948219187558,12822.573677778244,nan,nan,nan
523000,0.0,0.04115781933069229,57.62870842218399,684.874075429514,12838.189893960953,nan,nan,nan
524000,0.0,0.045927148312330246,57.63573145866394,685.1519236732274,12853.762061357498,nan,nan,nan
525000,0.0,0.04590333253145218,57.64819127321243,685.4230266176164,12869.547024726868,nan,nan,nan
526000,0.0,0.036366432905197144,57.66869503259659,685.7171081285924,12884.947503566742,nan,nan,nan
527000,0.0,0.04671312868595123,57.68406689167023,685.9958254788071,12900.663140296936,nan,nan,nan
528000,0.0,0.06865795701742172,57.70221155881882,686.2462901845574,12916.84221792221,nan,nan,nan
529000,0.0,0.04600895568728447,57.71648043394089,686.5316596291959,12933.343804121017,nan,nan,nan
530000,0.0,0.07923304289579391,57.73269867897034,686.8034887034446,12949.283782243729,nan,nan,nan
531000,0.0,0.04647747427225113,57.749860763549805,687.0957281216979,12965.204498291016,nan,nan,nan
532000,0.0,0.04015171900391579,57.76118046045303,687.3929914999753,12980.544860363007,nan,nan,nan
533000,0.0,0.03824767470359802,57.776172041893005,687.6528129670769,12996.032487392426,nan,nan,nan
534000,0.0,0.04156411439180374,57.790129125118256,687.9347655847669,13011.4021961689,nan,nan,nan
535000,0.0,0.05626032501459122,57.81217747926712,688.2010222505778,13026.772447347641,nan,nan,nan
536000,0.0,0.048599205911159515,57.83193123340607,688.4817635528743,13042.240016222,nan,nan,nan
537000,0.0,0.03554081916809082,57.843931674957275,688.7493889965117,13058.020670413971,nan,nan,nan
538000,0.0,0.03539712727069855,57.86201882362366,689.0133802462369,13073.461891174316,nan,nan,nan
539000,0.0,0.04001695662736893,57.874419927597046,689.263441292569,13088.917275190353,nan,nan,nan
540000,0.0,0.049898792058229446,57.88356006145477,689.5437575224787,13285.652135848999,15.273100025449443,36.333333333333336,1000.0
541000,0.0,0.04667606204748154,57.898637890815735,689.794062467292,13301.336115121841,nan,nan,nan
542000,0.0,0.043169353157281876,57.917516589164734,690.1164357736707,13317.019620418549,nan,nan,nan
543000,0.0,0.046209681779146194,57.92885684967041,690.3995593991131,13333.17409825325,nan,nan,nan
544000,0.0,0.037685733288526535,57.94623064994812,690.6770953163505,13348.78269815445,nan,nan,nan
545000,0.0,0.02884858287870884,57.956406235694885,690.9290605392307,13364.590398788452,nan,nan,nan
546000,0.0,0.03415496647357941,57.973902344703674,691.2118795439601,13380.633526325226,nan,nan,nan
547000,0.0,0.042639877647161484,57.98569118976593,691.4878583364189,13397.175123929977,nan,nan,nan
548000,0.0,0.03958490118384361,58.00605249404907,691.7522103190422,13413.649207115173,nan,nan,nan
549000,0.0,0.04701961204409599,58.0189448595047,692.0112153682858,13429.95106959343,nan,nan,nan
550000,0.0,0.05033661052584648,58.03299021720886,692.2851954624057,13446.267494440079,nan,nan,nan
551000,0.0,0.0600244477391243,58.05242574214935,692.5341094247997,13462.711632013321,nan,nan,nan
552000,0.0,0.04988360032439232,58.062835574150085,692.7918202355504,13479.154398679733,nan,nan,nan
553000,0.0,0.03999960049986839,58.0772590637207,693.0918176639825,13495.534101963043,nan,nan,nan
554000,0.0,0.040537308901548386,58.09301054477692,693.343961328268,13511.816842317581,nan,nan,nan
555000,0.0,0.04769476503133774,58.10873246192932,693.6163893826306,13528.250519514084,nan,nan,nan
556000,0.0,0.03498515114188194,58.12831461429596,693.8847805876285,13544.532156467438,nan,nan,nan
557000,0.0,0.030040772631764412,58.13944864273071,694.1601240243763,13560.884750366211,nan,nan,nan
558000,0.0,0.03453204780817032,58.1584529876709,694.4385314192623,13577.092188358307,nan,nan,nan
559000,0.0,0.02727644145488739,58.17038810253143,694.6995904818177,13592.800394773483,nan,nan,nan
560000,0.0,0.04552372545003891,58.18174588680267,694.9796164203435,13784.267122745514,10.652008572985604,13.666666666666666,1000.0
561000,0.0,0.028117673471570015,58.195292234420776,695.2478954158723,13799.920411109924,nan,nan,nan
562000,0.0,0.04234357923269272,58.21044993400574,695.5033385716379,13815.626400232315,nan,nan,nan
563000,0.0,0.04481375589966774,58.22951579093933,695.7876002471894,13831.360789299011,nan,nan,nan
564000,0.0,0.045724183320999146,58.248934268951416,696.0437902081758,13847.48143196106,nan,nan,nan
565000,0.0,0.03665773198008537,58.26259517669678,696.3085582386702,13863.94388127327,nan,nan,nan
566000,0.0,0.03354313597083092,58.27457678318024,696.5889138430357,13880.042188167572,nan,nan,nan
567000,0.0,0.05792976915836334,58.29219901561737,696.8471279852092,13896.19088101387,nan,nan,nan
568000,0.0,0.05224095284938812,58.3087774515152,697.1192039363086,13912.411103010178,nan,nan,nan
569000,0.0,0.06353992223739624,58.32509422302246,697.3847214337438,13928.827558040619,nan,nan,nan
570000,0.0,0.034695543348789215,58.34501922130585,697.6602568831295,13944.974782943726,nan,nan,nan
571000,0.0,0.03015347197651863,58.369975209236145,697.9141517337412,13961.334568500519,nan,nan,nan
572000,0.0,0.04806780815124512,58.38091421127319,698.1608675122261,13977.702512264252,nan,nan,nan
573000,0.0,0.039682526141405106,58.38782727718353,698.401169674471,13993.90828204155,nan,nan,nan
574000,0.0,0.029322002083063126,58.40518093109131,698.6508390754461,14010.273225069046,nan,nan,nan
575000,0.0,0.033168938010931015,58.42242360115051,698.9387681260705,14026.63074350357,nan,nan,nan
576000,0.0,0.04438864439725876,58.44074010848999,699.2001386228949,14042.97307229042,nan,nan,nan
577000,0.0,0.027155468240380287,58.45917010307312,699.4639827851206,14059.25385260582,nan,nan,nan
578000,0.0,0.041913826018571854,58.48187434673309,699.7154920939356,14075.735769748688,nan,nan,nan
579000,0.0,0.03451743349432945,58.501285672187805,699.9701176658273,14092.15339255333,nan,nan,nan
580000,0.0,0.0515846349298954,58.51477563381195,700.2451437115669,14282.348052501678,15.533780802307682,39.666666666666664,1000.0
581000,0.0,0.02689356543123722,58.53097927570343,700.5152143333107,14297.071863889694,nan,nan,nan
582000,0.0,0.046431269496679306,58.54438900947571,700.7798516061157,14312.285259723663,nan,nan,nan
583000,0.0,0.03513817861676216,58.56276452541351,701.043495811522,14327.621034145355,nan,nan,nan
584000,0.0,0.03782036155462265,58.582207679748535,701.2990961801261,14342.940544843674,nan,nan,nan
585000,0.0,0.0489337183535099,58.606247782707214,701.548913480714,14358.350181818008,nan,nan,nan
586000,0.0,0.027865026146173477,58.62275779247284,701.8065720647573,14374.780970096588,nan,nan,nan
587000,0.0,0.03028075397014618,58.63744258880615,702.0644221398979,14391.319370031357,nan,nan,nan
588000,0.0,0.04596118628978729,58.656444907188416,702.3429211378098,14407.632047891617,nan,nan,nan
589000,0.0,0.041334640234708786,58.677623987197876,702.5752424933016,14423.876394987106,nan,nan,nan
590000,0.0,0.041864681988954544,58.69743776321411,702.8272366970778,14440.010667085648,nan,nan,nan
591000,0.0,0.04722236469388008,58.71157467365265,703.0672093629837,14456.327743291855,nan,nan,nan
592000,0.0,0.031673774123191833,58.73453879356384,703.322546934709,14472.634363412857,nan,nan,nan
593000,0.0,0.03459655120968819,58.74596965312958,703.5681928470731,14489.070641994476,nan,nan,nan
594000,0.0,0.03162645548582077,58.76543128490448,703.8326864950359,14505.549549341202,nan,nan,nan
595000,0.0,0.04425574839115143,58.77130663394928,704.0964348707348,14521.894606113434,nan,nan,nan
596000,0.0,0.043640099465847015,58.78548800945282,704.3492641933262,14538.261436462402,nan,nan,nan
597000,0.0,0.049889806658029556,58.806275963783264,704.6155313588679,14554.569482803345,nan,nan,nan
598000,0.0,0.037708330899477005,58.818132400512695,704.8545145299286,14570.865571260452,nan,nan,nan
599000,0.0,0.04404256492853165,58.83159112930298,705.1021576039493,14586.932838439941,nan,nan,nan
600000,0.0,0.055063407868146896,58.85105061531067,705.3400004338473,14781.71592926979,13.53773502909363,8.333333333333334,1000.0
601000,0.0,0.04064083471894264,58.86929380893707,705.6118054036051,14797.294558286667,nan,nan,nan
602000,0.0,0.04894515126943588,58.882457852363586,705.8632158245891,14812.575450897217,nan,nan,nan
603000,0.0,0.0358109213411808,58.895509004592896,706.0960603002459,14827.967284440994,nan,nan,nan
604000,0.0,0.03934579715132713,58.91391634941101,706.3664310500026,14843.297321796417,nan,nan,nan
605000,0.0,0.03322881460189819,58.92758285999298,706.6068617813289,14858.809299468994,nan,nan,nan
606000,0.0,0.040602754801511765,58.94525098800659,706.8649109713733,14874.24745106697,nan,nan,nan
607000,0.0,0.05501480773091316,58.957982420921326,707.1074047293514,14889.654475688934,nan,nan,nan
608000,0.0,0.03386606648564339,58.98055636882782,707.3795730061829,14905.000067949295,nan,nan,nan
609000,0.0,0.03853420540690422,58.99971091747284,707.6154961399734,14920.376427412033,nan,nan,nan
610000,0.0,0.036592595279216766,59.01736378669739,707.8802872914821,14935.623526096344,nan,nan,nan
611000,0.0,0.04529864341020584,59.03320598602295,708.1275262832642,14950.971769809723,nan,nan,nan
612000,0.0,0.037397634238004684,59.04171645641327,708.3929759189487,14966.222869873047,nan,nan,nan
613000,0.0,0.043571144342422485,59.05597949028015,708.6494414918125,14981.968503952026,nan,nan,nan
614000,0.0,0.028473159298300743,59.07062590122223,708.9031068887562,14998.224644422531,nan,nan,nan
615000,0.0,0.026785466820001602,59.09013795852661,709.1413658298552,15014.647219657898,nan,nan,nan
616000,0.0,0.05079623684287071,59.10111320018768,709.3800929114223,15030.975335121155,nan,nan,nan
617000,0.0,0.03540785610675812,59.11054289340973,709.6377011407167,15047.372684717178,nan,nan,nan
618000,0.0,0.03630121424794197,59.12200343608856,709.8863846473396,15063.11747097969,nan,nan,nan
619000,0.0,0.04937059432268143,59.13799166679382,710.1302066743374,15078.632014751434,nan,nan,nan
620000,0.0,0.03655657544732094,59.154059171676636,710.353421010077,15274.624123573303,18.692074939644453,16.333333333333332,1000.0
621000,0.0,0.042882684618234634,59.17231261730194,710.5903925560415,15290.897844314575,nan,nan,nan
622000,0.0,0.03665931895375252,59.1823194026947,710.8683247044683,15307.107694625854,nan,nan,nan
623000,0.0,0.037891943007707596,59.19592893123627,711.1133734099567,15323.432290792465,nan,nan,nan
624000,0.0,0.04100266471505165,59.206934213638306,711.3737118076533,15339.674731254578,nan,nan,nan
625000,0.0,0.036472007632255554,59.230056047439575,711.6188987158239,15356.135486602783,nan,nan,nan
626000,0.0,0.029515499249100685,59.250351428985596,711.8402090594172,15372.446717977524,nan,nan,nan
627000,0.0,0.032795097678899765,59.26899778842926,712.0880705788732,15388.89257144928,nan,nan,nan
628000,0.0,0.04828856140375137,59.279106855392456,712.3199330810457,15404.42931175232,nan,nan,nan
629000,0.0,0.05101542919874191,59.29442501068115,712.5451223030686,15420.164606571198,nan,nan,nan
630000,0.0,0.054588060826063156,59.30967092514038,712.7897444684058,15435.737506866455,nan,nan,nan
631000,0.0,0.030596941709518433,59.32875108718872,713.0332184936851,15451.35987663269,nan,nan,nan
632000,0.0,0.030468009412288666,59.341405630111694,713.2970954366028,15466.718861341476,nan,nan,nan
633000,0.0,0.035864878445863724,59.35671532154083,713.5430777557194,15482.157728672028,nan,nan,nan
634000,0.0,0.04096174240112305,59.37054359912872,713.7755768690258,15497.59039735794,nan,nan,nan
635000,0.0,0.05263537913560867,59.384708285331726,714.0366396978498,15513.185015201569,nan,nan,nan
636000,0.0,0.04817424714565277,59.39709138870239,714.2718636449426,15528.04326415062,nan,nan,nan
637000,0.0,0.027673503383994102,59.411112546920776,714.5163285192102,15542.843307495117,nan,nan,nan
638000,0.0,0.0327768437564373,59.42060101032257,714.7773275058717,15557.621083498001,nan,nan,nan
639000,0.0,0.03186246380209923,59.44296371936798,715.0400088578463,15572.398376703262,nan,nan,nan
640000,0.0,0.047938182950019836,59.459941029548645,715.2639771811664,15768.325107336044,15.37487715974276,46.333333333333336,1000.0
641000,0.0,0.02792873978614807,59.47500252723694,715.532964034006,15784.78256225586,nan,nan,nan
642000,0.0,0.04655475914478302,59.49115288257599,715.7648764885962,15801.225831508636,nan,nan,nan
643000,0.0,0.03456754982471466,59.508177518844604,716.0268782135099,15817.658526420593,nan,nan,nan
644000,0.0,0.02862178161740303,59.532233357429504,716.2431185878813,15834.014166355133,nan,nan,nan
645000,0.0,0.03812233358621597,59.547500014305115,716.505005415529,15850.464376211166,nan,nan,nan
646000,0.0,0.04734690487384796,59.56331443786621,716.7557250671089,15866.817783355713,nan,nan,nan
647000,0.0,0.0269908644258976,59.57669734954834,716.996750028804,15883.151999950409,nan,nan,nan
648000,0.0,0.0348295159637928,59.587056159973145,717.2179340142757,15899.483076334,nan,nan,nan
649000,0.0,0.05440938100218773,59.60629165172577,717.4441829361022,15915.851886034012,nan,nan,nan
650000,0.0,0.033542435616254807,59.61857724189758,717.715430052951,15932.2006649971,nan,nan,nan
651000,0.0,0.03633357957005501,59.63273799419403,717.9562715776265,15948.610815763474,nan,nan,nan
652000,0.0,0.02925277315080166,59.64441418647766,718.1843478046358,15965.110629320145,nan,nan,nan
653000,0.0,0.03228616341948509,59.65985441207886,718.4093135930598,15981.682055473328,nan,nan,nan
654000,0.0,0.04114571586251259,59.674986720085144,718.6448527909815,15997.449461221695,nan,nan,nan
655000,0.0,0.03026634082198143,59.69380867481232,718.8767906948924,16012.805478334427,nan,nan,nan
656000,0.0,0.05929095670580864,59.70809888839722,719.1320851463825,16027.670172214508,nan,nan,nan
657000,0.0,0.03613263741135597,59.723111391067505,719.3821895141155,16042.617397069931,nan,nan,nan
658000,0.0,0.041771430522203445,59.73724126815796,719.5818854942918,16057.500762462616,nan,nan,nan
659000,0.0,0.039915841072797775,59.75156652927399,719.8114482536912,16072.340615272522,nan,nan,nan
660000,0.0,0.05241310968995094,59.76905941963196,720.0678562633693,16265.903131961823,16.954788611044673,31.333333333333332,1000.0
661000,0.0,0.044279005378484726,59.780919313430786,720.3231173567474,16282.170075416565,nan,nan,nan
662000,0.0,0.03686172142624855,59.79718565940857,720.5489414501935,16298.524541378021,nan,nan,nan
663000,0.0,0.03730427846312523,59.81293272972107,720.7925723940134,16314.817649364471,nan,nan,nan
664000,0.0,0.02638094685971737,59.82926857471466,721.0386282075197,16331.178998231888,nan,nan,nan
665000,0.0,0.044328317046165466,59.84656882286072,721.286882840097,16347.621506929398,nan,nan,nan
666000,0.0,0.04217594861984253,59.86277091503143,721.504904018715,16363.951821804047,nan,nan,nan
667000,0.0,0.025168078020215034,59.876354575157166,721.7644551265985,16380.246166229248,nan,nan,nan
668000,0.0,0.04369654878973961,59.89152371883392,721.9878389500082,16396.579498052597,nan,nan,nan
669000,0.0,0.04023175314068794,59.909817695617676,722.2274401262403,16413.159218788147,nan,nan,nan
670000,0.0,0.04388538375496864,59.92892348766327,722.4679895415902,16429.729722738266,nan,nan,nan
671000,0.0,0.05287739634513855,59.95727837085724,722.6839072071016,16445.654082536697,nan,nan,nan
672000,0.0,0.03770644590258598,59.975581645965576,722.9208163451403,16461.27868437767,nan,nan,nan
673000,0.0,0.029237212613224983,59.98823666572571,723.1635643206537,16476.83531355858,nan,nan,nan
674000,0.0,0.034426499158144,59.99921524524689,723.3756235651672,16492.71820998192,nan,nan,nan
675000,0.0,0.03624512627720833,60.01901829242706,723.6073836255819,16508.69638299942,nan,nan,nan
676000,0.0,0.04048220440745354,60.04155445098877,723.843657977879,16524.33165860176,nan,nan,nan
677000,0.0,0.033783890306949615,60.0533002614975,724.0676354076713,16540.124591112137,nan,nan,nan
678000,0.0,0.031017964705824852,60.06474471092224,724.330311357975,16555.871515989304,nan,nan,nan
679000,0.0,0.044141676276922226,60.08244752883911,724.581946792081,16571.793105363846,nan,nan,nan
680000,0.0,0.03460858389735222,60.10384500026703,724.8291396629065,16767.86635017395,18.20104391465266,8.666666666666666,1000.0
681000,0.0,0.03980426862835884,60.1152161359787,725.0522562731057,16783.569806337357,nan,nan,nan
682000,0.0,0.030808785930275917,60.13065052032471,725.3061943426728,16799.942849636078,nan,nan,nan
683000,0.0,0.029552416875958443,60.145864367485046,725.5193436741829,16816.489279985428,nan,nan,nan
684000,0.0,0.039756447076797485,60.15283477306366,725.7545831482857,16832.76469564438,nan,nan,nan
685000,0.0,0.02693248726427555,60.17804729938507,725.992831710726,16849.137199401855,nan,nan,nan
686000,0.0,0.048513200134038925,60.19398319721222,726.2289220541716,16865.544811487198,nan,nan,nan
687000,0.0,0.03603566065430641,60.209184408187866,726.4541355464607,16881.82833981514,nan,nan,nan
688000,0.0,0.04215569794178009,60.231802344322205,726.6637203264982,16898.095717191696,nan,nan,nan
689000,0.0,0.03298129886388779,60.24951088428497,726.9064958374947,16913.798594474792,nan,nan,nan
690000,0.0,0.037319693714380264,60.26278066635132,727.1498115751892,16929.300520420074,nan,nan,nan
691000,0.0,0.03663689270615578,60.28079676628113,727.408538846299,16945.060063123703,nan,nan,nan
692000,0.0,0.0238262340426445,60.293758511543274,727.5975620467216,16960.718364953995,nan,nan,nan
693000,0.0,0.028210587799549103,60.31694567203522,727.8285423312336,16976.35561132431,nan,nan,nan
694000,0.0,0.044962842017412186,60.33210825920105,728.0408872775733,16992.562482357025,nan,nan,nan
695000,0.0,0.028329528868198395,60.34214150905609,728.2453483883291,17008.64213347435,nan,nan,nan
696000,0.0,0.04478967562317848,60.354146122932434,728.4873352013528,17024.663098812103,nan,nan,nan
697000,0.0,0.03813865780830383,60.36818325519562,728.7459444347769,17040.37619972229,nan,nan,nan
698000,0.0,0.0363333486020565,60.386215686798096,728.9708778019994,17055.992487192154,nan,nan,nan
699000,0.0,0.034984033554792404,60.4057719707489,729.2193329986185,17071.6034386158,nan,nan,nan
700000,0.0,0.03317032381892204,60.423813819885254,729.4309767950326,17270.98197889328,12.867111807578928,33.333333333333336,1000.0
701000,0.0,0.034122221171855927,60.43635630607605,729.6383070964366,17286.53187394142,nan,nan,nan
702000,0.0,0.034449219703674316,60.45097482204437,729.8759988695383,17301.91800928116,nan,nan,nan
703000,0.0,0.029886795207858086,60.46809673309326,730.1087114699185,17317.39631128311,nan,nan,nan
704000,0.0,0.038436129689216614,60.489431858062744,730.3355318121612,17332.7545337677,nan,nan,nan
705000,0.0,0.03536399081349373,60.504825592041016,730.5791858546436,17348.16361117363,nan,nan,nan
706000,0.0,0.03674270585179329,60.516711354255676,730.80568472296,17363.589646816254,nan,nan,nan
707000,0.0,0.025374898687005043,60.536978363990784,731.0480237398297,17378.943203687668,nan,nan,nan
708000,0.0,0.03224555030465126,60.54513740539551,731.2897342555225,17393.776332616806,nan,nan,nan
709000,0.0,0.03775731101632118,60.554497838020325,731.5122220441699,17409.30277943611,nan,nan,nan
710000,0.0,0.04619680717587471,60.569398522377014,731.6909271609038,17425.02834391594,nan,nan,nan
711000,0.0,0.05271419510245323,60.57960522174835,731.9272319246083,17440.785412073135,nan,nan,nan
712000,0.0,0.035263415426015854,60.5930962562561,732.1311976574361,17456.489820241928,nan,nan,nan
713000,0.0,0.034715548157691956,60.617074608802795,732.3808293547481,17472.08563017845,nan,nan,nan
714000,0.0,0.03481091186404228,60.63959729671478,732.604517750442,17487.6956243515,nan,nan,nan
715000,0.0,0.03807712718844414,60.65798616409302,732.8431169074029,17503.29229617119,nan,nan,nan
716000,0.0,0.029188593849539757,60.672884702682495,733.0503079965711,17518.92582845688,nan,nan,nan
717000,0.0,0.04042614996433258,60.68306314945221,733.2555837985128,17534.63778924942,nan,nan,nan
718000,0.0,0.03395754098892212,60.69697892665863,733.5071800276637,17550.248086452484,nan,nan,nan
719000,0.0,0.03132819011807442,60.71407210826874,733.7176396474242,17565.933168888092,nan,nan,nan
720000,0.0,0.034226808696985245,60.72633373737335,733.9515041522682,17767.716381549835,13.817365057185677,13.0,1000.0
721000,0.0,0.035253819078207016,60.738351702690125,734.172440694645,17783.513335704803,nan,nan,nan
722000,0.0,0.0356152281165123,60.75740087032318,734.4143526200205,17799.432883024216,nan,nan,nan
723000,0.0,0.029382286593317986,60.773868918418884,734.6240086331964,17815.34484910965,nan,nan,nan
724000,0.0,0.03173086792230606,60.78851079940796,734.8333031702787,17830.777097940445,nan,nan,nan
725000,0.0,0.02589653618633747,60.80747377872467,735.0572221223265,17846.253126859665,nan,nan,nan
726000,0.0,0.03321392089128494,60.8217990398407,735.3101956378669,17861.125034332275,nan,nan,nan
727000,0.0,0.028494806960225105,60.8380206823349,735.5345458444208,17876.083813905716,nan,nan,nan
728000,0.0,0.03600774705410004,60.84792995452881,735.765090527013,17890.849123239517,nan,nan,nan
729000,0.0,0.03173891454935074,60.859410524368286,735.9965155888349,17905.63475561142,nan,nan,nan
730000,0.0,0.034372467547655106,60.86460852622986,736.2119391076267,17920.42545413971,nan,nan,nan
731000,0.0,0.038647182285785675,60.88523185253143,736.4422996994108,17935.283257484436,nan,nan,nan
732000,0.0,0.03365553915500641,60.90289604663849,736.6546969655901,17950.081840753555,nan,nan,nan
733000,0.0,0.05013824626803398,60.91128611564636,736.8963724467903,17964.932096719742,nan,nan,nan
734000,0.0,0.041270215064287186,60.926631808280945,737.1087938528508,17979.666708230972,nan,nan,nan
735000,0.0,0.05408310890197754,60.94052517414093,737.3190164007246,17994.46615242958,nan,nan,nan
736000,0.0,0.049684565514326096,60.9564311504364,737.5502592492849,18009.8038585186,nan,nan,nan
737000,0.0,0.03581289201974869,60.970874190330505,737.7922226246446,18025.41046023369,nan,nan,nan
738000,0.0,0.02585223875939846,60.9876663684845,738.0212268922478,18041.33419418335,nan,nan,nan
739000,0.0,0.01573093794286251,60.9989230632782,738.244760228321,18057.61266541481,nan,nan,nan
740000,0.0,0.03144772723317146,61.01432549953461,738.4639616888016,18259.57733464241,8.302451802971433,14.0,1000.0
741000,0.0,0.040617961436510086,61.028011202812195,738.7331777773798,18275.834969758987,nan,nan,nan
742000,0.0,0.050804030150175095,61.0406551361084,738.9276596847922,18291.920453310013,nan,nan,nan
743000,0.0,0.036487795412540436,61.05672645568848,739.1623826306313,18308.22816181183,nan,nan,nan
744000,0.0,0.022153111174702644,61.07128584384918,739.3795604072511,18324.192578792572,nan,nan,nan
745000,0.0,0.035263191908597946,61.09717893600464,739.5866449177265,18340.19689846039,nan,nan,nan
746000,0.0,0.029143141582608223,61.11997628211975,739.8279607594013,18355.976956367493,nan,nan,nan
747000,0.0,0.03196696564555168,61.12934768199921,740.031515551731,18371.77995443344,nan,nan,nan
748000,0.0,0.02728624828159809,61.147154211997986,740.2462342530489,18387.56572151184,nan,nan,nan
749000,0.0,0.03339095041155815,61.168320059776306,740.4532134812325,18403.404825925827,nan,nan,nan
750000,0.0,0.031352169811725616,61.18682265281677,740.6921742688864,18419.10723590851,nan,nan,nan
751000,0.0,0.03577859699726105,61.203251361846924,740.8920552507043,18433.949765205383,nan,nan,nan
752000,0.0,0.04385247454047203,61.217692255973816,741.1157525647432,18448.857434511185,nan,nan,nan
753000,0.0,0.03378143161535263,61.231844425201416,741.3145360741764,18463.701395988464,nan,nan,nan
754000,0.0,0.04605179652571678,61.24523222446442,741.55074939318,18478.466895341873,nan,nan,nan
755000,0.0,0.047366514801979065,61.26445400714874,741.7562879491597,18493.29684329033,nan,nan,nan
756000,0.0,0.043075576424598694,61.27945578098297,741.9763795100152,18508.177269935608,nan,nan,nan
757000,0.0,0.042063262313604355,61.2865594625473,742.2124843727797,18523.59525346756,nan,nan,nan
758000,0.0,0.026658901944756508,61.29915189743042,742.406315388158,18539.085947990417,nan,nan,nan
759000,0.0,0.03703971207141876,61.313933968544006,742.6293388847262,18554.47087287903,nan,nan,nan
760000,0.0,0.03767053410410881,61.32999110221863,742.866033686325,18754.667151212692,6.896484553660255,20.666666666666668,1000.0
761000,0.0,0.026671716943383217,61.346898317337036,743.0783867500722,18771.053561925888,nan,nan,nan
762000,0.0,0.055568285286426544,61.36228430271149,743.3033829014748,18786.830612421036,nan,nan,nan
763000,0.0,0.008038620464503765,61.382917523384094,743.5203844364733,18802.405030965805,nan,nan,nan
764000,0.0,0.040251798927783966,61.39938545227051,743.7558095306158,18817.96866083145,nan,nan,nan
765000,0.0,0.03842480480670929,61.41302490234375,743.9642699919641,18833.545407295227,nan,nan,nan
766000,0.0,0.05134443938732147,61.426326394081116,744.1693586185575,18849.001669168472,nan,nan,nan
767000,0.0,0.24272462725639343,61.44912898540497,744.3889526147395,18864.671496391296,nan,nan,nan
768000,0.0,0.03331737592816353,61.46267020702362,744.5893393587321,18880.350882291794,nan,nan,nan
769000,0.0,0.04432547464966774,61.4763685464859,744.7885362822562,18896.00197815895,nan,nan,nan
770000,0.0,0.05286050960421562,61.47920739650726,745.0019700862467,18911.492595672607,nan,nan,nan
771000,0.0,0.037493277341127396,61.49997889995575,745.230309728533,18927.226454734802,nan,nan,nan
772000,0.0,0.014624599367380142,61.51376187801361,745.4521200582385,18942.906059503555,nan,nan,nan
773000,0.0,0.04428248479962349,61.528889179229736,745.6625899448991,18958.582646369934,nan,nan,nan
774000,0.0,0.04058500751852989,61.542513847351074,745.884332805872,18974.17107987404,nan,nan,nan
775000,0.0,0.025545427575707436,61.5503511428833,746.1113501861691,18990.417975902557,nan,nan,nan
776000,0.0,0.030449602752923965,61.566659331321716,746.3125310502946,19006.46386408806,nan,nan,nan
777000,0.0,0.037948936223983765,61.574265360832214,746.5346980951726,19022.832093954086,nan,nan,nan
778000,0.0,0.05034105107188225,61.58564102649689,746.753349982202,19038.09582924843,nan,nan,nan
779000,0.0,0.03131680190563202,61.59416592121124,746.9703061915934,19053.530616283417,nan,nan,nan
780000,0.0,0.050264280289411545,61.612170338630676,747.1866054832935,19251.826825380325,22.716099885721835,29.333333333333332,1000.0
781000,0.0,0.033717330545186996,61.622167229652405,747.4028814528137,19268.051489830017,nan,nan,nan
782000,0.0,0.028154298663139343,61.63804256916046,747.6082984302193,19283.97687935829,nan,nan,nan
783000,0.0,0.04665025323629379,61.654027581214905,747.8217660784721,19300.179911613464,nan,nan,nan
784000,0.0,0.03507733345031738,61.668224453926086,748.0113536920398,19315.81210398674,nan,nan,nan
785000,0.0,0.03970976173877716,61.69157791137695,748.2513204701245,19331.45522046089,nan,nan,nan
786000,0.0,0.031034577637910843,61.706162214279175,748.4857181608677,19347.168847084045,nan,nan,nan
787000,0.0,0.035515062510967255,61.71978724002838,748.700189769268,19363.03266954422,nan,nan,nan
788000,0.0,0.044471267610788345,61.73417806625366,748.9307457413524,19378.60495042801,nan,nan,nan
789000,0.0,0.02106875739991665,61.753358364105225,749.1166796591133,19394.364663362503,nan,nan,nan
790000,0.0,0.040453750640153885,61.76370096206665,749.3113654665649,19410.071754932404,nan,nan,nan
791000,0.0,0.03214242309331894,61.78494894504547,749.5070685837418,19425.878457307816,nan,nan,nan
792000,0.0,0.05901843309402466,61.8025107383728,749.731363274157,19441.579216241837,nan,nan,nan
793000,0.0,0.04373479261994362,61.826404333114624,749.9342758152634,19458.02342414856,nan,nan,nan
794000,0.0,0.03428759053349495,61.8420615196228,750.1332933530211,19474.531631708145,nan,nan,nan
795000,0.0,0.03480099141597748,61.85987985134125,750.3599109984934,19490.856253385544,nan,nan,nan
796000,0.0,0.0351087749004364,61.87380647659302,750.5593383833766,19507.237147569656,nan,nan,nan
797000,0.0,0.05044521018862724,61.88626945018768,750.7762761488557,19523.610169649124,nan,nan,nan
798000,0.0,0.02994142472743988,61.91147470474243,750.9872364383191,19539.97508406639,nan,nan,nan
799000,0.0,0.029578441753983498,61.923492431640625,751.1895139142871,19556.262544631958,nan,nan,nan
800000,0.0,0.05400555580854416,61.93866431713104,751.4166109003127,19753.829093694687,15.972947245297481,33.0,1000.0
801000,0.0,0.034892186522483826,61.956703901290894,751.6043880023062,19768.824514865875,nan,nan,nan
802000,0.0,0.03693269565701485,61.97480273246765,751.855258423835,19783.73413014412,nan,nan,nan
803000,0.0,0.0280455332249403,61.98837971687317,752.0485303401947,19798.513845443726,nan,nan,nan
804000,0.0,0.04401448369026184,62.00835597515106,752.2675451468676,19813.547482967377,nan,nan,nan
805000,0.0,0.040025148540735245,62.02429640293121,752.445692371577,19828.993075609207,nan,nan,nan
806000,0.0,0.02843945100903511,62.04205405712128,752.6515336167067,19844.62356042862,nan,nan,nan
807000,0.0,0.030539488419890404,62.05258536338806,752.8392073120922,19860.185658216476,nan,nan,nan
808000,0.0,0.029914705082774162,62.066887974739075,753.0398954618722,19875.719964265823,nan,nan,nan
809000,0.0,0.025579603388905525,62.08214044570923,753.2702885381877,19891.415511369705,nan,nan,nan
810000,0.0,0.032024092972278595,62.09994351863861,753.485524058342,19906.985922574997,nan,nan,nan
811000,0.0,0.03119765967130661,62.121994495391846,753.6988493911922,19923.23336982727,nan,nan,nan
812000,0.0,0.04268038645386696,62.141175627708435,753.9154735989869,19939.486674785614,nan,nan,nan
813000,0.0,0.03137381374835968,62.15728425979614,754.1135006900877,19955.9876101017,nan,nan,nan
814000,0.0,0.0408557690680027,62.171385288238525,754.3327824566513,19972.143728733063,nan,nan,nan
815000,0.0,0.03612546995282173,62.1822749376297,754.5447356272489,19988.253423929214,nan,nan,nan
816000,0.0,0.03118458390235901,62.198413729667664,754.7423046473414,20004.511557340622,nan,nan,nan
817000,0.0,0.03168763220310211,62.20959270000458,754.9259011335671,20020.887392282486,nan,nan,nan
818000,0.0,0.017602166160941124,62.213250517845154,755.1836354844272,20037.282036304474,nan,nan,nan
819000,0.0,0.04318946599960327,62.22595024108887,755.373995129019,20053.719096660614,nan,nan,nan
820000,0.0,0.041145503520965576,62.24229168891907,755.6081643868238,20251.802763938904,22.920351679161456,47.0,1000.0
821000,0.0,0.032917603850364685,62.26243269443512,755.7865423802286,20266.899027109146,nan,nan,nan
822000,0.0,0.027699440717697144,62.272831082344055,756.0157304201275,20281.882402420044,nan,nan,nan
823000,0.0,0.02786710485816002,62.28994524478912,756.1958019025624,20296.90202832222,nan,nan,nan
824000,0.0,0.032086364924907684,62.304988861083984,756.3959271684289,20311.9120759964,nan,nan,nan
825000,0.0,0.01823803223669529,62.320703864097595,756.6056889519095,20326.775061130524,nan,nan,nan
826000,0.0,0.03618735447525978,62.33302652835846,756.8289432860911,20341.521651268005,nan,nan,nan
827000,0.0,0.041408784687519073,62.34366047382355,757.0252050533891,20356.391383886337,nan,nan,nan
828000,0.0,0.030001478269696236,62.35753560066223,757.2507479377091,20371.209503412247,nan,nan,nan
829000,0.0,0.02387217991054058,62.37391781806946,757.4592041485012,20386.470945835114,nan,nan,nan
830000,0.0,0.05420640483498573,62.38482320308685,757.6654141861945,20401.752021074295,nan,nan,nan
831000,0.0,0.03719501197338104,62.393062353134155,757.862930342555,20417.095839977264,nan,nan,nan
832000,0.0,0.0418790839612484,62.41178894042969,758.0905363596976,20433.151851415634,nan,nan,nan
833000,0.0,0.023423831909894943,62.41999959945679,758.2791515272111,20449.325116872787,nan,nan,nan
834000,0.0,0.039666708558797836,62.4383682012558,758.4906813371927,20465.755729198456,nan,nan,nan
835000,0.0,0.03043062426149845,62.45447814464569,758.6893322374672,20482.2625746727,nan,nan,nan
836000,0.0,0.0392499715089798,62.45907187461853,758.8790596835315,20498.65987944603,nan,nan,nan
837000,0.0,0.030719339847564697,62.46960711479187,759.0886375010014,20515.218062877655,nan,nan,nan
838000,0.0,0.03060249425470829,62.48322927951813,759.298884877935,20531.74049782753,nan,nan,nan
839000,0.0,0.025835292413830757,62.504406094551086,759.4992211926728,20548.31635737419,nan,nan,nan
840000,0.0,0.034499917179346085,62.516712069511414,759.690234888345,20746.243114471436,14.479446105602387,17.333333333333332,1000.0
841000,0.0,0.04066718742251396,62.535682678222656,759.8893860150129,20762.035472393036,nan,nan,nan
842000,0.0,0.03524569049477577,62.54749572277069,760.1160863600671,20777.635335445404,nan,nan,nan
843000,0.0,0.02948356233537197,62.56560492515564,760.3263421468437,20793.425788402557,nan,nan,nan
844000,0.0,0.032022349536418915,62.58212149143219,760.5372098088264,20809.364132881165,nan,nan,nan
845000,0.0,0.03049536421895027,62.59944128990173,760.7261893004179,20825.356946468353,nan,nan,nan
846000,0.0,0.03442515432834625,62.61242961883545,760.9424643460661,20840.668775081635,nan,nan,nan
847000,0.0,0.03913464769721031,62.63035690784454,761.1422143727541,20856.255539894104,nan,nan,nan
848000,0.0,0.01528344675898552,62.643532156944275,761.3482908234,20871.721347332,nan,nan,nan
849000,0.0,0.02872675098478794,62.64900302886963,761.5473431572318,20887.17194700241,nan,nan,nan
850000,0.0,0.03289726749062538,62.66486346721649,761.7461299598217,20902.527309656143,nan,nan,nan
851000,0.0,0.031372927129268646,62.68014919757843,761.949639711529,20918.014835119247,nan,nan,nan
852000,0.0,0.03758767247200012,62.694026708602905,762.1316535882652,20933.32723045349,nan,nan,nan
853000,0.0,0.03694808855652809,62.71666860580444,762.3227057550102,20948.806508541107,nan,nan,nan
854000,0.0,0.024123895913362503,62.73212122917175,762.5314510054886,20964.184695005417,nan,nan,nan
855000,0.0,0.04155908524990082,62.74389910697937,762.7465815674514,20979.767332315445,nan,nan,nan
856000,0.0,0.032556578516960144,62.755656599998474,762.9577782247216,20995.181747436523,nan,nan,nan
857000,0.0,0.033590056002140045,62.772252678871155,763.1484851371497,21010.66450858116,nan,nan,nan
858000,0.0,0.03090960532426834,62.792845606803894,763.3670493252575,21026.07484602928,nan,nan,nan
859000,0.0,0.02196361869573593,62.79965436458588,763.5733442660421,21041.99346971512,nan,nan,nan
860000,0.0,0.033692553639411926,62.812076687812805,763.7677619811147,21237.74170255661,16.629410812124576,7.333333333333333,1000.0
861000,0.0,0.05516621470451355,62.831547260284424,763.9720227178186,21253.415986061096,nan,nan,nan
862000,0.0,0.029928462579846382,62.837960720062256,764.1664118133485,21269.08882164955,nan,nan,nan
863000,0.0,0.032753150910139084,62.852927565574646,764.3438640199602,21284.876767635345,nan,nan,nan
864000,0.0,0.047404881566762924,62.86441671848297,764.5699596535414,21300.55379509926,nan,nan,nan
865000,0.0,0.029078738763928413,62.88007950782776,764.7668268401176,21316.809364318848,nan,nan,nan
866000,0.0,0.04777465760707855,62.90125918388367,764.9858398083597,21333.095082998276,nan,nan,nan
867000,0.0,0.02445552498102188,62.913270115852356,765.18481130898,21349.30056285858,nan,nan,nan
868000,0.0,0.029229583218693733,62.92874550819397,765.3820516262203,21365.492589473724,nan,nan,nan
869000,0.0,0.04325290769338608,62.94020116329193,765.5875278562307,21381.577533245087,nan,nan,nan
870000,0.0,0.025298623368144035,62.95991110801697,765.8005086556077,21397.64092731476,nan,nan,nan
871000,0.0,0.040072523057460785,62.97201859951019,766.0125376209617,21413.895087242126,nan,nan,nan
872000,0.0,0.02880200371146202,62.98194432258606,766.2117516230792,21429.921950101852,nan,nan,nan
873000,0.0,0.043493855744600296,62.996620893478394,766.39762875624,21446.2325630188,nan,nan,nan
874000,0.0,0.050817325711250305,63.013365268707275,766.6164012923837,21461.74618959427,nan,nan,nan
875000,0.0,0.024298392236232758,63.02820539474487,766.7901034001261,21477.199543476105,nan,nan,nan
876000,0.0,0.03529714047908783,63.04304230213165,766.983250150457,21492.494819879532,nan,nan,nan
877000,0.0,0.034188445657491684,63.058170318603516,767.1770075131208,21507.75538468361,nan,nan,nan
878000,0.0,0.039144113659858704,63.068801164627075,767.3883928582072,21523.1086935997,nan,nan,nan
879000,0.0,0.029137546196579933,63.079899072647095,767.5975490324199,21538.54423570633,nan,nan,nan
880000,0.0,0.02282172627747059,63.09550702571869,767.7742386311293,21730.959638118744,18.731421767049763,46.666666666666664,1000.0
881000,0.0,0.02589617483317852,63.11404550075531,767.971955101937,21746.86550283432,nan,nan,nan
882000,0.0,0.031110698357224464,63.11945104598999,768.1694706287235,21762.690194129944,nan,nan,nan
883000,0.0,0.03491108492016792,63.13128113746643,768.3641494140029,21778.766319036484,nan,nan,nan
884000,0.0,0.029106777161359787,63.14206314086914,768.5819172039628,21795.373267412186,nan,nan,nan
885000,0.0,0.043422069400548935,63.159339427948,768.7713854592294,21811.780572652817,nan,nan,nan
886000,0.0,0.03762279823422432,63.16898965835571,768.9788563717157,21828.177918434143,nan,nan,nan
887000,0.0,0.04011997953057289,63.18260073661804,769.1531444452703,21844.6541056633,nan,nan,nan
888000,0.0,0.029481077566742897,63.18864345550537,769.368382839486,21861.135741710663,nan,nan,nan
889000,0.0,0.02501908876001835,63.204033851623535,769.5625916328281,21877.57430744171,nan,nan,nan
890000,0.0,0.035236384719610214,63.2131849527359,769.762483811006,21894.03684949875,nan,nan,nan
891000,0.0,0.017351580783724785,63.22819471359253,769.9699956104159,21910.61114358902,nan,nan,nan
892000,0.0,0.026179533451795578,63.24053108692169,770.1764390002936,21926.870864868164,nan,nan,nan
893000,0.0,0.03742242231965065,63.26520049571991,770.3675468601286,21943.10238480568,nan,nan,nan
894000,0.0,0.04250963777303696,63.28405714035034,770.5803676526994,21959.59659552574,nan,nan,nan
895000,0.0,0.039673395454883575,63.29894959926605,770.763509362936,21975.75651693344,nan,nan,nan
896000,0.0,0.04312421754002571,63.318323373794556,770.9508212972432,21991.815607070923,nan,nan,nan
897000,0.0,0.02632095292210579,63.32260835170746,771.15275689587,22007.909863233566,nan,nan,nan
898000,0.0,0.019355233758687973,63.33879101276398,771.3356475755572,22024.147315979004,nan,nan,nan
899000,0.0,0.028847357258200645,63.35484802722931,771.5245366785675,22040.390298604965,nan,nan,nan
900000,0.0,0.023986298590898514,63.37741148471832,771.7331082094461,22227.525381088257,20.379977452319636,35.666666666666664,1000.0
901000,0.0,0.015867432579398155,63.39280569553375,771.9133920948952,22243.227462768555,nan,nan,nan
902000,0.0,0.03172866627573967,63.408751010894775,772.0934142507613,22259.51304960251,nan,nan,nan
903000,0.0,0.03168390318751335,63.42994499206543,772.3118420913815,22275.969514131546,nan,nan,nan
904000,0.0,0.026823777705430984,63.441914677619934,772.5159830991179,22292.345687150955,nan,nan,nan
905000,0.0,0.029857756569981575,63.45850193500519,772.7097468432039,22308.646689891815,nan,nan,nan
906000,0.0,0.045417822897434235,63.46880233287811,772.887278072536,22325.07157754898,nan,nan,nan
907000,0.0,0.030239755287766457,63.48088300228119,773.0798519514501,22341.591047525406,nan,nan,nan
908000,0.0,0.03396778553724289,63.49222207069397,773.2732946164906,22357.837232351303,nan,nan,nan
909000,0.0,0.028740720823407173,63.5079460144043,773.4778877999634,22374.209165096283,nan,nan,nan
910000,0.0,0.040196310728788376,63.52340078353882,773.6499207373708,22390.56317424774,nan,nan,nan
911000,0.0,0.03350400924682617,63.538156628608704,773.8440458085388,22406.945190668106,nan,nan,nan
912000,0.0,0.03192724660038948,63.5540554523468,774.0555998086929,22423.093953371048,nan,nan,nan
913000,0.0,0.026650194078683853,63.568790555000305,774.258160976693,22439.39447259903,nan,nan,nan
914000,0.0,0.033137574791908264,63.58125376701355,774.4665233846754,22455.636593580246,nan,nan,nan
915000,0.0,0.034807004034519196,63.592233419418335,774.6395231802016,22471.852772951126,nan,nan,nan
916000,0.0,0.028098901733756065,63.61166262626648,774.8318105116487,22488.105387210846,nan,nan,nan
917000,0.0,0.024649037048220634,63.62985980510712,775.0131381079555,22504.32062792778,nan,nan,nan
918000,0.0,0.042020685970783234,63.64366412162781,775.2064858041704,22520.19452381134,nan,nan,nan
919000,0.0,0.03319224342703819,63.662792444229126,775.3779209554195,22535.87237405777,nan,nan,nan
920000,0.0,0.035331666469573975,63.68042254447937,775.5726261809468,22725.147750377655,16.631858202199027,26.0,1000.0
921000,0.0,0.015922531485557556,63.69723665714264,775.7602390032262,22739.753093004227,nan,nan,nan
922000,0.0,0.02769889496266842,63.713677287101746,775.9689878001809,22754.30994963646,nan,nan,nan
923000,0.0,0.037417445331811905,63.72409129142761,776.1588306184858,22768.63143157959,nan,nan,nan
924000,0.0,0.026031024754047394,63.73452866077423,776.3359805829823,22782.70909190178,nan,nan,nan
925000,0.0,0.02687196619808674,63.75114715099335,776.5208768323064,22797.064965963364,nan,nan,nan
926000,0.0,0.03337867558002472,63.774393796920776,776.7142717354,22811.463302373886,nan,nan,nan
927000,0.0,0.02800886519253254,63.790833473205566,776.89887984097,22825.698476076126,nan,nan,nan
928000,0.0,0.03491218388080597,63.800297498703,777.0923306066543,22839.483225107193,nan,nan,nan
929000,0.0,0.04817076027393341,63.813543915748596,777.2793426159769,22853.361255407333,nan,nan,nan
930000,0.0,0.024185821413993835,63.82564830780029,777.473479481414,22867.43836569786,nan,nan,nan
931000,0.0,0.03673379868268967,63.84680891036987,777.6602281611413,22881.57565999031,nan,nan,nan
932000,0.0,0.02070150524377823,63.85548412799835,777.8854511287063,22895.506533145905,nan,nan,nan
933000,0.0,0.028693607077002525,63.85808277130127,778.0947747416794,22909.36619758606,nan,nan,nan
934000,0.0,0.03229491040110588,63.87663507461548,778.3021297901869,22923.4303085804,nan,nan,nan
935000,0.0,0.03911014646291733,63.89157736301422,778.4792245235294,22937.46224284172,nan,nan,nan
936000,0.0,0.03667178377509117,63.904378175735474,778.6617582347244,22951.266700029373,nan,nan,nan
937000,0.0,0.05271757021546364,63.9169065952301,778.858168374747,22965.148972272873,nan,nan,nan
938000,0.0,0.048521291464567184,63.9323468208313,779.0484714787453,22979.049292325974,nan,nan,nan
939000,0.0,0.025755656883120537,63.94516956806183,779.2559448648244,22992.89962553978,nan,nan,nan
940000,0.0,0.028289256617426872,63.95259642601013,779.4262188803405,23164.172193050385,16.25093658880563,13.333333333333334,1000.0
941000,0.0,0.029935158789157867,63.96921730041504,779.632133487612,23175.42580986023,nan,nan,nan
942000,0.0,0.0364283062517643,63.97628176212311,779.8134694267064,23186.592811584473,nan,nan,nan
943000,0.0,0.02289275825023651,63.98945748806,779.9798839464784,23197.941026210785,nan,nan,nan
944000,0.0,0.03021157719194889,63.99320828914642,780.1746834199876,23208.624478578568,nan,nan,nan
945000,0.0,0.02738667093217373,64.00203120708466,780.3731204662472,23219.78925871849,nan,nan,nan
946000,0.0,0.03720651939511299,64.01600658893585,780.5320788081735,23234.150962114334,nan,nan,nan
947000,0.0,0.036609549075365067,64.02950394153595,780.7304075378925,23248.312339305878,nan,nan,nan
948000,0.0,0.02788861282169819,64.04361629486084,780.915770964697,23262.438678264618,nan,nan,nan
949000,0.0,0.03445853665471077,64.05799543857574,781.1253370270133,23276.837662935257,nan,nan,nan
950000,0.0,0.030211932957172394,64.06962037086487,781.3269011359662,23291.373613357544,nan,nan,nan
951000,0.0,0.018923668190836906,64.08642506599426,781.5254322141409,23306.11385011673,nan,nan,nan
952000,0.0,0.028902538120746613,64.10188567638397,781.7116860449314,23320.22777581215,nan,nan,nan
953000,0.0,0.0309609305113554,64.12541043758392,781.8870447464287,23334.129142045975,nan,nan,nan
954000,0.0,0.03182293847203255,64.14345359802246,782.0415433701128,23348.11271548271,nan,nan,nan
955000,0.0,0.03464972972869873,64.15656757354736,782.2265572641045,23362.199900865555,nan,nan,nan
956000,0.0,0.03120141662657261,64.17156434059143,782.4483476039022,23376.316873550415,nan,nan,nan
957000,0.0,0.028284242376685143,64.17526960372925,782.6314038448036,23390.517447710037,nan,nan,nan
958000,0.0,0.04813556745648384,64.18590307235718,782.8209011442959,23404.645119428635,nan,nan,nan
959000,0.0,0.027635397389531136,64.20696902275085,783.0075217466801,23418.651261806488,nan,nan,nan
960000,0.0,0.0360005721449852,64.22743129730225,783.1950888801366,23595.080971956253,19.44211042511108,43.0,1000.0
961000,0.0,0.03190247714519501,64.2461450099945,783.3755499366671,23609.01956152916,nan,nan,nan
962000,0.0,0.03826402872800827,64.25874876976013,783.5684680920094,23622.800798654556,nan,nan,nan
963000,0.0,0.044730253517627716,64.27202808856964,783.7598128151149,23636.85402393341,nan,nan,nan
964000,0.0,0.01951751485466957,64.28426098823547,783.9672112129629,23650.815972805023,nan,nan,nan
965000,0.0,0.03961077332496643,64.29637551307678,784.1956701111048,23664.71707892418,nan,nan,nan
966000,0.0,0.03373653441667557,64.31233727931976,784.3831941373646,23678.72797679901,nan,nan,nan
967000,0.0,0.028717979788780212,64.3256287574768,784.5683408640325,23693.092468976974,nan,nan,nan
968000,0.0,0.038132455199956894,64.34024035930634,784.757360721007,23707.492767572403,nan,nan,nan
969000,0.0,0.02831953577697277,64.35658967494965,784.9375674016774,23722.002373456955,nan,nan,nan
970000,0.0,0.03254343196749687,64.37490475177765,785.1080633122474,23736.27379131317,nan,nan,nan
971000,0.0,0.027426602318882942,64.38757026195526,785.2974281962961,23750.794300556183,nan,nan,nan
972000,0.0,0.026571251451969147,64.40253031253815,785.4694915916771,23765.293451309204,nan,nan,nan
973000,0.0,0.02150942198932171,64.41991674900055,785.655278455466,23779.78649520874,nan,nan,nan
974000,0.0,0.02631251886487007,64.43654358386993,785.8443599417806,23794.15599131584,nan,nan,nan
975000,0.0,0.02531137689948082,64.43931591510773,786.020496359095,23808.709909915924,nan,nan,nan
976000,0.0,0.03244849666953087,64.45821058750153,786.2071268949658,23823.145441055298,nan,nan,nan
977000,0.0,0.02110525406897068,64.46713364124298,786.3970426619053,23837.51660990715,nan,nan,nan
978000,0.0,0.05267513170838356,64.48054146766663,786.5824527665973,23851.38388133049,nan,nan,nan
979000,0.0,0.03537467494606972,64.49287796020508,786.752540294081,23865.297939538956,nan,nan,nan
980000,0.0,0.03361022472381592,64.5076299905777,786.9435813743621,24044.22333431244,19.26883760900611,48.666666666666664,1000.0
981000,0.0,0.03531431034207344,64.51695084571838,787.1249974928796,24058.167167901993,nan,nan,nan
982000,0.0,0.021336926147341728,64.52929043769836,787.3285675961524,24072.02261853218,nan,nan,nan
983000,0.0,0.023752691224217415,64.55102181434631,787.5262974556535,24085.789400815964,nan,nan,nan
984000,0.0,0.024490222334861755,64.56929671764374,787.7161638513207,24099.668281555176,nan,nan,nan
985000,0.0,0.0069204820320010185,64.57950806617737,787.8917014990002,24113.694199562073,nan,nan,nan
986000,0.0,0.02367166057229042,64.58925819396973,788.0738072711974,24127.56799530983,nan,nan,nan
987000,0.0,0.025511886924505234,64.60367393493652,788.2482458595186,24141.446156978607,nan,nan,nan
988000,0.0,0.035199929028749466,64.61537230014801,788.4413347635418,24155.310004234314,nan,nan,nan
989000,0.0,0.03472922742366791,64.62311708927155,788.6384217683226,24169.195862531662,nan,nan,nan
990000,0.0,0.027795733883976936,64.63322281837463,788.8291998878121,24182.95627474785,nan,nan,nan
991000,0.0,0.0351950079202652,64.6453777551651,789.0050893686712,24196.909090042114,nan,nan,nan
992000,0.0,0.023402689024806023,64.66070926189423,789.2015754524618,24211.618723630905,nan,nan,nan
993000,0.0,0.02488146536052227,64.67430377006531,789.400752691552,24226.394589424133,nan,nan,nan
994000,0.0,0.029584011062979698,64.68777668476105,789.6002603340894,24241.07293367386,nan,nan,nan
995000,0.0,0.02300933562219143,64.69404625892639,789.7889282833785,24255.536477327347,nan,nan,nan
996000,0.0,0.036090508103370667,64.7138020992279,789.9667688366026,24270.11793065071,nan,nan,nan
997000,0.0,0.045591212809085846,64.72725534439087,790.1434999350458,24284.603601694107,nan,nan,nan
998000,0.0,0.027279820293188095,64.748295545578,790.307071827352,24299.29764151573,nan,nan,nan
999000,0.0,0.03937266767024994,64.76586961746216,790.4848981760442,24313.764872789383,nan,nan,nan
1000000,0.0,0.04582614451646805,64.77680945396423,790.6659636143595,24491.49481010437,10.077472757896432,49.333333333333336,1000.0
