Train/Step,Train/Loss/Nu,Train/Loss/Flow,Train/Norm/Critic,Train/Norm/Flow,Time/ElapsedSec,Eval/Reward,Eval/Cost,Eval/Length
0,nan,nan,nan,nan,0.0,nan,nan,nan
1000,5.96349573135376,0.3831554651260376,48.313988506793976,391.5338682718575,20.268653631210327,nan,nan,nan
2000,5.974549770355225,0.17539547383785248,48.271992206573486,397.13735070452094,39.90829348564148,nan,nan,nan
3000,5.962400913238525,0.2294788360595703,48.25218337774277,399.2033419236541,60.107648611068726,nan,nan,nan
4000,5.965056419372559,0.22576820850372314,48.23142874240875,400.83026864752173,80.57227087020874,nan,nan,nan
5000,5.962869167327881,0.1612331122159958,48.226905167102814,402.29219975322485,100.98265624046326,nan,nan,nan
6000,5.946110248565674,0.15213485062122345,48.210706532001495,403.5309408735484,121.43987107276917,nan,nan,nan
7000,5.973797798156738,0.15961921215057373,48.207425117492676,404.91947483085096,141.82895183563232,nan,nan,nan
8000,5.959475517272949,0.19414213299751282,48.20466113090515,406.11457077227533,162.01267099380493,nan,nan,nan
9000,5.965792655944824,0.1917588710784912,48.19744372367859,407.2234880682081,183.4015748500824,nan,nan,nan
10000,5.965415000915527,0.1409030705690384,48.20216941833496,408.35102010704577,204.58152651786804,nan,nan,nan
11000,5.960875511169434,0.12159886211156845,48.208821177482605,409.31084982305765,226.9212715625763,nan,nan,nan
12000,5.937377452850342,0.18397259712219238,48.20844304561615,410.2223581597209,248.99846005439758,nan,nan,nan
13000,5.943076133728027,0.207289919257164,48.208432257175446,411.0718994475901,271.31882667541504,nan,nan,nan
14000,5.974079608917236,0.16632404923439026,48.21940070390701,411.93814058974385,293.6539161205292,nan,nan,nan
15000,5.947277069091797,0.1369619071483612,48.23363482952118,412.7022854536772,315.89443826675415,nan,nan,nan
16000,5.973743915557861,0.16216300427913666,48.245071828365326,413.4509700834751,336.75331568717957,nan,nan,nan
17000,5.965480804443359,0.15259526669979095,48.25880467891693,414.2277232129127,357.40621638298035,nan,nan,nan
18000,5.960135459899902,0.14412443339824677,48.264473021030426,414.93966886773705,377.8800091743469,nan,nan,nan
19000,5.971567153930664,0.16383586823940277,48.279863595962524,415.68617990612984,398.27106952667236,nan,nan,nan
20000,5.96527099609375,0.16903722286224365,48.29694199562073,416.3679953161627,603.5943322181702,15.368519867138815,20.666666666666668,1000.0
21000,5.962954044342041,0.18909089267253876,48.311408042907715,417.0977124031633,623.9673902988434,nan,nan,nan
22000,5.946707725524902,0.14577393233776093,48.333622097969055,417.7615666426718,644.2074227333069,nan,nan,nan
23000,5.9568328857421875,0.1585472673177719,48.3561315536499,418.4080063458532,664.5282735824585,nan,nan,nan
24000,5.945699214935303,0.15443424880504608,48.37399768829346,419.1691704802215,684.9879820346832,nan,nan,nan
25000,5.9562859535217285,0.15612243115901947,48.391928255558014,419.7211940344423,706.1495742797852,nan,nan,nan
26000,5.960559368133545,0.12272164970636368,48.424028396606445,420.4164893422276,728.2460062503815,nan,nan,nan
27000,5.957840442657471,0.1494981348514557,48.4383869767189,421.086599169299,750.420844078064,nan,nan,nan
28000,5.96332311630249,0.14416740834712982,48.4723237156868,421.7348529919982,772.394942522049,nan,nan,nan
29000,5.965554714202881,0.11346838623285294,48.505469262599945,422.4366270583123,794.1857624053955,nan,nan,nan
30000,5.948121070861816,0.16813378036022186,48.53149825334549,423.10260619036853,814.9076631069183,nan,nan,nan
31000,5.955604076385498,0.20222745835781097,48.56474071741104,423.7704428266734,835.2884962558746,nan,nan,nan
32000,5.929241180419922,0.15031546354293823,48.595517575740814,424.35518400743604,855.6176159381866,nan,nan,nan
33000,5.9689202308654785,0.15122584998607635,48.62575674057007,425.06574924476445,876.1427261829376,nan,nan,nan
34000,5.953704357147217,0.14727915823459625,48.6549898982048,425.6073519792408,896.5778892040253,nan,nan,nan
35000,5.97376012802124,0.12223198264837265,48.6889214515686,426.1919794920832,917.1094093322754,nan,nan,nan
36000,5.957631587982178,0.19121822714805603,48.726306080818176,426.79602513462305,937.5215163230896,nan,nan,nan
37000,5.966592311859131,0.15466341376304626,48.750514686107635,427.4681182112545,957.8991734981537,nan,nan,nan
38000,5.9601593017578125,0.15916357934474945,48.79383057355881,428.0633212700486,978.3827388286591,nan,nan,nan
39000,5.956985950469971,0.11241839081048965,48.824254274368286,428.7153035607189,1000.1464545726776,nan,nan,nan
40000,5.966928005218506,0.17110829055309296,48.86999136209488,429.32003303058445,1203.8351335525513,8.41251772220678,23.0,1000.0
41000,5.964852333068848,0.1282191276550293,48.90524834394455,429.7907623592764,1226.0215225219727,nan,nan,nan
42000,6.0262346267700195,0.20553350448608398,48.95037180185318,430.4275698494166,1248.4463815689087,nan,nan,nan
43000,5.943009853363037,0.14742694795131683,48.98687583208084,431.04712345451117,1269.252069234848,nan,nan,nan
44000,5.9474639892578125,0.15838991105556488,49.013827204704285,431.6362318061292,1289.6326932907104,nan,nan,nan
45000,5.9583234786987305,0.08762654662132263,49.05237239599228,432.14047495462,1310.0992622375488,nan,nan,nan
46000,5.962342739105225,0.13241492211818695,49.08565306663513,432.7888109907508,1330.4209606647491,nan,nan,nan
47000,5.951174736022949,0.14628545939922333,49.12875884771347,433.36688715592027,1350.8698918819427,nan,nan,nan
48000,5.945502758026123,0.13360126316547394,49.179450035095215,433.94706616178155,1371.317506313324,nan,nan,nan
49000,5.956352710723877,0.26325082778930664,49.21399283409119,434.55273516103625,1391.8587052822113,nan,nan,nan
50000,5.948389530181885,0.11009948700666428,49.259440183639526,435.10288880579174,1412.4776968955994,nan,nan,nan
51000,5.960202217102051,0.12260408699512482,49.29716360569,435.7182134874165,1433.1057951450348,nan,nan,nan
52000,5.962571620941162,0.11016855388879776,49.333479046821594,436.1922608613968,1454.0577235221863,nan,nan,nan
53000,5.945644378662109,0.14634965360164642,49.37155544757843,436.81021548993886,1476.079206943512,nan,nan,nan
54000,5.953619480133057,0.18224658071994781,49.418158411979675,437.3897753357887,1498.0403966903687,nan,nan,nan
55000,5.954965591430664,0.12109670788049698,49.46026027202606,437.83962166681886,1520.1396505832672,nan,nan,nan
56000,5.965881824493408,0.1835954487323761,49.50331795215607,438.36493645980954,1540.555538892746,nan,nan,nan
57000,5.944453239440918,0.18502402305603027,49.54503536224365,438.8678418379277,1561.021642446518,nan,nan,nan
58000,5.9586896896362305,0.10836157947778702,49.60810458660126,439.50607393682003,1581.3352138996124,nan,nan,nan
59000,5.952303409576416,0.09988854080438614,49.65298044681549,439.9687593989074,1601.5674142837524,nan,nan,nan
60000,5.96478796005249,0.1487772911787033,49.69849491119385,440.5448592212051,1808.2552795410156,9.429087867732425,9.666666666666666,1000.0
61000,5.963666915893555,0.12582503259181976,49.74494802951813,441.1515125595033,1828.8576967716217,nan,nan,nan
62000,5.9614577293396,0.15986979007720947,49.789395809173584,441.67135088145733,1849.524917602539,nan,nan,nan
63000,5.94156551361084,0.0997357964515686,49.82991540431976,442.19368908554316,1870.1715109348297,nan,nan,nan
64000,5.947391510009766,0.11189966648817062,49.880908250808716,442.6906848978251,1890.7145602703094,nan,nan,nan
65000,5.968379020690918,0.13229268789291382,49.938196301460266,443.2081221546978,1911.338663816452,nan,nan,nan
66000,5.966092586517334,0.10501167923212051,49.992289900779724,443.8239874076098,1933.0484743118286,nan,nan,nan
67000,5.96856689453125,0.13621360063552856,50.03199124336243,444.26217393018305,1955.0508444309235,nan,nan,nan
68000,5.933981418609619,0.15030167996883392,50.074544072151184,444.90083664283156,1977.1126818656921,nan,nan,nan
69000,5.957860469818115,0.14808444678783417,50.11924397945404,445.4478074181825,1999.0953207015991,nan,nan,nan
70000,5.959031105041504,0.1531321108341217,50.16287648677826,445.99405735731125,2020.6604039669037,nan,nan,nan
71000,5.959106922149658,0.12144219130277634,50.22649347782135,446.52249362692237,2041.2302088737488,nan,nan,nan
72000,5.956724643707275,0.21352021396160126,50.28932046890259,447.09212166815996,2061.7422699928284,nan,nan,nan
73000,5.9592156410217285,0.1194433942437172,50.3445680141449,447.75390679202974,2082.6077892780304,nan,nan,nan
74000,5.952539443969727,0.12484889477491379,50.395073652267456,448.1847015991807,2103.002151966095,nan,nan,nan
75000,5.958418846130371,0.14692221581935883,50.45033419132233,448.82629786990583,2123.4596376419067,nan,nan,nan
76000,5.954718112945557,0.1656230092048645,50.49556243419647,449.4375274255872,2143.8462653160095,nan,nan,nan
77000,5.979874134063721,0.14463794231414795,50.54007804393768,449.9025330580771,2164.3078153133392,nan,nan,nan
78000,5.964906215667725,0.15896844863891602,50.5828583240509,450.4479884542525,2184.650548696518,nan,nan,nan
79000,5.946781635284424,0.14132119715213776,50.644641041755676,451.114260815084,2204.6975808143616,nan,nan,nan
80000,5.943120956420898,0.12912912666797638,50.69293510913849,451.79453241452575,2413.9818234443665,13.630285632152924,45.0,1000.0
81000,5.948157787322998,0.13382665812969208,50.743229150772095,452.4553011674434,2436.0942192077637,nan,nan,nan
82000,5.9641828536987305,0.14159879088401794,50.77820825576782,453.04774799756706,2458.0076956748962,nan,nan,nan
83000,5.959717750549316,0.11826442927122116,50.83354938030243,453.5184687394649,2480.287489414215,nan,nan,nan
84000,5.949564456939697,0.1545671671628952,50.88376069068909,454.08405460231006,2502.3642971515656,nan,nan,nan
85000,5.954133987426758,0.15118588507175446,50.918012380599976,454.6298208832741,2523.413341999054,nan,nan,nan
86000,5.987369537353516,0.1267434060573578,50.97587478160858,455.36859092488885,2543.8248748779297,nan,nan,nan
87000,5.954458236694336,0.14105811715126038,51.02345430850983,455.8179678171873,2564.2264523506165,nan,nan,nan
88000,5.959301471710205,0.18155960738658905,51.0647166967392,456.6270039305091,2585.023003101349,nan,nan,nan
89000,5.951394557952881,0.12198859453201294,51.11110508441925,457.17263295874,2605.456550359726,nan,nan,nan
90000,5.960975646972656,0.18287721276283264,51.18063127994537,457.78466507047415,2625.788634777069,nan,nan,nan
91000,5.962304592132568,0.1834707111120224,51.235090017318726,458.3827345687896,2646.018124103546,nan,nan,nan
92000,5.947618007659912,0.11237780004739761,51.2895313501358,458.95520072057843,2665.976063966751,nan,nan,nan
93000,5.9629807472229,0.1343996822834015,51.351826667785645,459.6253374479711,2685.642364501953,nan,nan,nan
94000,5.943443775177002,0.1524125635623932,51.38981568813324,460.25243311561644,2705.942158460617,nan,nan,nan
95000,5.943435192108154,0.12295893579721451,51.45366883277893,460.8050170522183,2726.232024908066,nan,nan,nan
96000,5.9658989906311035,0.10211050510406494,51.48621940612793,461.4852614849806,2746.6351959705353,nan,nan,nan
97000,5.963006019592285,0.1556062549352646,51.52333879470825,462.0276853311807,2767.1932673454285,nan,nan,nan
98000,5.96232271194458,0.18183377385139465,51.58801710605621,462.636976018548,2787.655851840973,nan,nan,nan
99000,5.967535495758057,0.1612584888935089,51.637986063957214,463.352926556021,2808.3369014263153,nan,nan,nan
100000,5.942514896392822,0.18688859045505524,51.6825225353241,463.8784012645483,3024.3881289958954,5.2064761186889905,18.0,1000.0
101000,5.957871913909912,0.13374371826648712,51.71733558177948,464.5115554668009,3044.9191501140594,nan,nan,nan
102000,5.933011054992676,0.12480489164590836,51.769269824028015,465.05727012455463,3065.3450384140015,nan,nan,nan
103000,5.964221477508545,0.16022463142871857,51.826563000679016,465.7457383237779,3085.803020954132,nan,nan,nan
104000,5.9506659507751465,0.13498134911060333,51.879332065582275,466.32034687139094,3106.0908069610596,nan,nan,nan
105000,5.9472737312316895,0.11360221356153488,51.92342174053192,466.7725325357169,3126.412605047226,nan,nan,nan
106000,5.9464263916015625,0.08899816125631332,51.99734163284302,467.32061173021793,3146.0153069496155,nan,nan,nan
107000,5.941232204437256,0.12093477696180344,52.04942858219147,467.9423328060657,3165.3499166965485,nan,nan,nan
108000,5.940463542938232,0.1511981189250946,52.09871065616608,468.4661413747817,3184.834408760071,nan,nan,nan
109000,5.953433036804199,0.1410011500120163,52.14808988571167,469.11864550597966,3205.1853563785553,nan,nan,nan
110000,5.964228630065918,0.18343429267406464,52.20709586143494,469.5985728148371,3225.698696374893,nan,nan,nan
111000,5.961877822875977,0.17873232066631317,52.26129150390625,470.18962041661143,3246.1950404644012,nan,nan,nan
112000,5.9635515213012695,0.1396704614162445,52.29909670352936,470.84291344136,3266.647338628769,nan,nan,nan
113000,5.943190574645996,0.14749900996685028,52.33884584903717,471.3808600548655,3287.148549556732,nan,nan,nan
114000,5.956343650817871,0.13568158447742462,52.403053283691406,471.8665830027312,3307.6103422641754,nan,nan,nan
115000,5.959455966949463,0.11564546078443527,52.4627583026886,472.4546570070088,3328.692634344101,nan,nan,nan
116000,5.931156635284424,0.10577695816755295,52.509023666381836,472.8726153988391,3351.156243801117,nan,nan,nan
117000,5.990880966186523,0.1787140667438507,52.55086314678192,473.4017634931952,3373.1511306762695,nan,nan,nan
118000,5.950387001037598,0.13972428441047668,52.60189616680145,473.9423109833151,3395.2083377838135,nan,nan,nan
119000,5.933501720428467,0.12549519538879395,52.669639229774475,474.39581356942654,3417.3440973758698,nan,nan,nan
120000,5.982366561889648,0.1617320030927658,52.732789278030396,474.9840265791863,3624.988080739975,13.765195206336308,6.0,1000.0
121000,5.946913242340088,0.14322872459888458,52.7911411523819,475.5317758861929,3644.749596118927,nan,nan,nan
122000,5.9484171867370605,0.13205543160438538,52.83882677555084,476.0809583943337,3664.148901462555,nan,nan,nan
123000,5.944620609283447,0.10587658733129501,52.894690990448,476.63887287303805,3684.1311671733856,nan,nan,nan
124000,5.967520713806152,0.1286400556564331,52.943209648132324,477.10847961716354,3704.615786075592,nan,nan,nan
125000,5.949960708618164,0.13105221092700958,53.004353046417236,477.68713774345815,3725.0490612983704,nan,nan,nan
126000,5.947239875793457,0.10746200382709503,53.07435464859009,478.1192982047796,3745.4065029621124,nan,nan,nan
127000,5.9527788162231445,0.11431118100881577,53.12324011325836,478.530951179564,3765.902219772339,nan,nan,nan
128000,5.945150852203369,0.10344149172306061,53.173869371414185,479.1627663131803,3786.60196018219,nan,nan,nan
129000,5.958975791931152,0.14930757880210876,53.23610436916351,479.6040618661791,3808.6805951595306,nan,nan,nan
130000,5.9578375816345215,0.15678048133850098,53.29093861579895,480.2271283958107,3830.6751792430878,nan,nan,nan
131000,5.945570945739746,0.15147729218006134,53.35141885280609,480.6881902180612,3853.018437385559,nan,nan,nan
132000,5.986325740814209,0.14325205981731415,53.40919578075409,481.2724557518959,3875.3159461021423,nan,nan,nan
133000,5.978339195251465,0.13865332305431366,53.44573199748993,481.7021174710244,3897.3784713745117,nan,nan,nan
134000,5.926904678344727,0.1100684329867363,53.49066603183746,482.21021196618676,3919.4988560676575,nan,nan,nan
135000,5.96691370010376,0.13316509127616882,53.567503690719604,482.78257612884045,3941.4978172779083,nan,nan,nan
136000,5.92957878112793,0.11058788746595383,53.63275134563446,483.2867425866425,3963.572439432144,nan,nan,nan
137000,5.951288223266602,0.12266798317432404,53.69135069847107,483.87553450092673,3985.760397195816,nan,nan,nan
138000,5.957635402679443,0.18230317533016205,53.7520135641098,484.4536099471152,4007.4003796577454,nan,nan,nan
139000,5.951643943786621,0.11770742386579514,53.80451858043671,484.84739380702376,4027.9279804229736,nan,nan,nan
140000,5.938228607177734,0.07201514393091202,53.856982827186584,485.40921528451145,4223.57787156105,12.720470223595028,17.333333333333332,1000.0
141000,5.937119483947754,0.18228299915790558,53.935911417007446,486.10570540465415,4244.357944965363,nan,nan,nan
142000,5.944919586181641,0.12457052618265152,54.00608742237091,486.4719744902104,4266.429193019867,nan,nan,nan
143000,5.929434776306152,0.1395503282546997,54.061123728752136,486.95991875603795,4288.484141111374,nan,nan,nan
144000,5.982361793518066,0.11852969229221344,54.130069851875305,487.4170090314001,4310.576199531555,nan,nan,nan
145000,5.954792022705078,0.14164860546588898,54.19356989860535,487.94315891340375,4332.587851047516,nan,nan,nan
146000,5.975785732269287,0.1403035968542099,54.25918400287628,488.37462930753827,4354.60716676712,nan,nan,nan
147000,5.939937114715576,0.16768531501293182,54.320825815200806,489.0527831297368,4376.674091100693,nan,nan,nan
148000,5.939488410949707,0.14534436166286469,54.36453032493591,489.5490341875702,4398.813757181168,nan,nan,nan
149000,5.953473091125488,0.141705721616745,54.4269745349884,489.9977090302855,4420.905436754227,nan,nan,nan
150000,5.959877014160156,0.1378200650215149,54.47891569137573,490.52735511399806,4442.953020095825,nan,nan,nan
151000,5.958407402038574,0.15054892003536224,54.54849696159363,491.04894001968205,4464.977332353592,nan,nan,nan
152000,5.9551262855529785,0.1057053729891777,54.607611775398254,491.54676157049835,4487.375232696533,nan,nan,nan
153000,5.969012260437012,0.13083790242671967,54.658286452293396,492.1191249601543,4508.841351032257,nan,nan,nan
154000,5.944977283477783,0.11627791076898575,54.723265409469604,492.6539185103029,4529.101289272308,nan,nan,nan
155000,5.970292568206787,0.12755639851093292,54.783100962638855,493.0798093266785,4548.708332538605,nan,nan,nan
156000,5.953455924987793,0.1904028207063675,54.841466188430786,493.61489151231945,4568.248186588287,nan,nan,nan
157000,5.93961238861084,0.09529606252908707,54.90788543224335,494.1296586021781,4588.0167071819305,nan,nan,nan
158000,5.940343379974365,0.2043897658586502,54.9610116481781,494.62971070595086,4607.478559732437,nan,nan,nan
159000,5.9456562995910645,0.12187366932630539,55.02027225494385,495.1194232739508,4627.242435216904,nan,nan,nan
160000,5.95697021484375,0.18960532546043396,55.0654354095459,495.6358184963465,4837.94230389595,16.170277436568192,28.0,1000.0
161000,5.983683109283447,0.10869868099689484,55.13055491447449,496.09145854972303,4860.226147413254,nan,nan,nan
162000,5.957299709320068,0.1637618988752365,55.1891485452652,496.55937219783664,4882.215026378632,nan,nan,nan
163000,5.93461799621582,0.12302152067422867,55.23207974433899,497.05802871473134,4904.395861387253,nan,nan,nan
164000,5.9290642738342285,0.13599102199077606,55.285953879356384,497.5866061784327,4926.645314455032,nan,nan,nan
165000,5.948924541473389,0.1473473161458969,55.32899081707001,498.19484980776906,4948.622805118561,nan,nan,nan
166000,5.982787609100342,0.11747708171606064,55.39463770389557,498.6002557668835,4970.6342351436615,nan,nan,nan
167000,5.940989017486572,0.15069806575775146,55.44532787799835,499.11165451072156,4992.719534635544,nan,nan,nan
168000,5.955639839172363,0.1827544867992401,55.50746512413025,499.5996812339872,5011.849121809006,nan,nan,nan
169000,5.9423980712890625,0.14465013146400452,55.567675828933716,500.05301641114056,5031.357089519501,nan,nan,nan
170000,5.956964492797852,0.07969161123037338,55.62037432193756,500.53157034516335,5051.003958702087,nan,nan,nan
171000,6.056142807006836,0.16288574039936066,55.69671905040741,501.12651004083455,5070.311063289642,nan,nan,nan
172000,5.968191146850586,0.13158749043941498,55.76353573799133,501.5252785459161,5090.217564821243,nan,nan,nan
173000,5.938715934753418,0.1647886335849762,55.814961194992065,502.1033477205783,5110.060894727707,nan,nan,nan
174000,5.964719295501709,0.14451056718826294,55.87818205356598,502.5974628832191,5129.478837251663,nan,nan,nan
175000,5.941102504730225,0.13999377191066742,55.937642097473145,503.0476717110723,5148.9714477062225,nan,nan,nan
176000,5.937899112701416,0.14873537421226501,55.985148549079895,503.56455351784825,5168.724757432938,nan,nan,nan
177000,5.950170516967773,0.2021365910768509,56.047500252723694,503.9942608475685,5190.209895610809,nan,nan,nan
178000,5.941564083099365,0.09614188969135284,56.10763728618622,504.5702937114984,5212.211228609085,nan,nan,nan
179000,5.9757795333862305,0.09757419675588608,56.15896654129028,505.1032136455178,5234.291946172714,nan,nan,nan
180000,5.949001789093018,0.13744056224822998,56.22319710254669,505.5907290112227,5454.943082332611,16.10192337759381,21.0,1000.0
181000,5.947643756866455,0.13280990719795227,56.28294360637665,506.07095126621425,5475.693204402924,nan,nan,nan
182000,5.995097637176514,0.11240700632333755,56.3533980846405,506.6844408363104,5495.79021525383,nan,nan,nan
183000,5.9450507164001465,0.1438521444797516,56.41044783592224,507.22789278253913,5515.404032230377,nan,nan,nan
184000,5.974294185638428,0.14132924377918243,56.46760284900665,507.83122120425105,5534.896361351013,nan,nan,nan
185000,5.951363563537598,0.11727066338062286,56.52674627304077,508.36260775104165,5554.347769021988,nan,nan,nan
186000,5.937510013580322,0.12444528192281723,56.58279192447662,508.7830731961876,5573.9131960868835,nan,nan,nan
187000,5.937679290771484,0.11502393335103989,56.630587100982666,509.33828622475266,5593.23769235611,nan,nan,nan
188000,5.969905376434326,0.14816997945308685,56.68230605125427,509.8054312169552,5612.791131258011,nan,nan,nan
189000,5.938673496246338,0.108880415558815,56.742865562438965,510.39365584403276,5632.597167253494,nan,nan,nan
190000,5.969181060791016,0.17991237342357635,56.80278182029724,511.00427571311593,5652.7139139175415,nan,nan,nan
191000,5.971996307373047,0.1485157012939453,56.86020076274872,511.3764945883304,5673.703796863556,nan,nan,nan
192000,5.939555644989014,0.184776172041893,56.93783736228943,511.98184763267636,5695.789526224136,nan,nan,nan
193000,5.961737155914307,0.12472563236951828,56.99505650997162,512.5544630140066,5717.938519239426,nan,nan,nan
194000,5.934632301330566,0.1318805068731308,57.05917203426361,513.0448552519083,5739.950674057007,nan,nan,nan
195000,5.92724084854126,0.15775373578071594,57.1359304189682,513.6108186580241,5761.946886777878,nan,nan,nan
196000,5.925064563751221,0.10863576084375381,57.19746923446655,514.1574127189815,5783.895794868469,nan,nan,nan
197000,5.938516139984131,0.1677340716123581,57.255956292152405,514.5789616946131,5805.9668555259705,nan,nan,nan
198000,5.949206352233887,0.12950125336647034,57.31535530090332,515.1449855938554,5828.027588844299,nan,nan,nan
199000,5.917783260345459,0.09814966470003128,57.36724889278412,515.6212773807347,5850.052894830704,nan,nan,nan
200000,5.983135223388672,0.12112235277891159,57.421919465065,516.2179151140153,6056.102350473404,17.658611251730694,35.666666666666664,1000.0
201000,5.959850788116455,0.1425025761127472,57.48646366596222,516.7117211930454,6075.7327127456665,nan,nan,nan
202000,5.943427085876465,0.10562387853860855,57.555984139442444,517.1641694325954,6095.367834806442,nan,nan,nan
203000,5.955036163330078,0.13426333665847778,57.610467314720154,517.7361012827605,6115.373298406601,nan,nan,nan
204000,5.955472469329834,0.17683036625385284,57.67183876037598,518.4327896032482,6135.723152399063,nan,nan,nan
205000,5.940785884857178,0.20387069880962372,57.725716948509216,518.9048807341605,6155.979314804077,nan,nan,nan
206000,5.939315319061279,0.1822764277458191,57.77807116508484,519.3971334658563,6177.5867664813995,nan,nan,nan
207000,5.941137790679932,0.1672271341085434,57.83537471294403,520.002383923158,6199.692110300064,nan,nan,nan
208000,5.929553985595703,0.09554929286241531,57.89153802394867,520.6060659904033,6221.892115354538,nan,nan,nan
209000,5.931236267089844,0.13204562664031982,57.963470220565796,521.0758353620768,6243.8347182273865,nan,nan,nan
210000,6.032442092895508,0.09286588430404663,58.036091923713684,521.622492486611,6265.810998916626,nan,nan,nan
211000,5.937614917755127,0.131742462515831,58.090713024139404,522.0826525632292,6287.819017648697,nan,nan,nan
212000,5.966588973999023,0.1423412710428238,58.141064167022705,522.682743228972,6309.711998224258,nan,nan,nan
213000,5.941922187805176,0.14490848779678345,58.19411754608154,523.1694637164474,6331.738969326019,nan,nan,nan
214000,5.953437328338623,0.1357971727848053,58.26122975349426,523.7771194539964,6353.713165283203,nan,nan,nan
215000,5.9533233642578125,0.12109046429395676,58.31973576545715,524.3221703507006,6375.703591346741,nan,nan,nan
216000,5.943769454956055,0.08858980238437653,58.382994532585144,524.9614294059575,6397.055021524429,nan,nan,nan
217000,5.959539413452148,0.11077316850423813,58.43559229373932,525.5027875043452,6417.436568975449,nan,nan,nan
218000,5.959817409515381,0.1435159593820572,58.52015769481659,526.0364757664502,6437.937524795532,nan,nan,nan
219000,5.950774192810059,0.12638013064861298,58.57923626899719,526.5048003252596,6458.500654220581,nan,nan,nan
220000,5.944637775421143,0.07700449228286743,58.65243315696716,527.1188519205898,6654.293216705322,10.394196830004878,27.666666666666668,1000.0
221000,5.931985378265381,0.12439372390508652,58.7122141122818,527.7230490632355,6675.968215703964,nan,nan,nan
222000,5.93979549407959,0.11125236004590988,58.778337478637695,528.2397599499673,6697.800247192383,nan,nan,nan
223000,5.938898086547852,0.14077351987361908,58.83744418621063,528.7263909373432,6719.807144641876,nan,nan,nan
224000,5.947330951690674,0.10450688749551773,58.90080118179321,529.2806027885526,6741.723376750946,nan,nan,nan
225000,5.953273296356201,0.1453206092119217,58.97009801864624,529.7970106191933,6763.990426063538,nan,nan,nan
226000,5.921051025390625,0.12811261415481567,59.027687430381775,530.3083270974457,6786.1476175785065,nan,nan,nan
227000,5.970580577850342,0.09762314707040787,59.079713582992554,530.9203154854476,6808.091372251511,nan,nan,nan
228000,5.941564083099365,0.0930909663438797,59.15102410316467,531.4284939952195,6830.109186887741,nan,nan,nan
229000,5.953486442565918,0.10583203285932541,59.21326661109924,531.9521810412407,6852.155122756958,nan,nan,nan
230000,5.946863174438477,0.15540774166584015,59.27740466594696,532.5754257142544,6872.623643159866,nan,nan,nan
231000,5.929011344909668,0.12805025279521942,59.33641338348389,533.1916777864099,6893.093118429184,nan,nan,nan
232000,5.934967041015625,0.13199101388454437,59.39871084690094,533.7796992920339,6913.530175447464,nan,nan,nan
233000,5.953848361968994,0.14180497825145721,59.47660934925079,534.3298740964383,6933.88386464119,nan,nan,nan
234000,5.940608501434326,0.0959741473197937,59.538029074668884,534.8224191144109,6954.401391744614,nan,nan,nan
235000,5.91935396194458,0.1504276990890503,59.61212861537933,535.3841227255762,6975.002994775772,nan,nan,nan
236000,5.902442455291748,0.11718568950891495,59.66743338108063,536.0038873422891,6994.727755069733,nan,nan,nan
237000,5.9273576736450195,0.07144086807966232,59.73764681816101,536.4821088705212,7014.270470619202,nan,nan,nan
238000,5.96865177154541,0.11947242170572281,59.80596125125885,537.075833093375,7033.926904439926,nan,nan,nan
239000,5.9404449462890625,0.10315170139074326,59.86828327178955,537.6476043444127,7053.908471822739,nan,nan,nan
240000,5.964172840118408,0.10054691135883331,59.94571769237518,538.1739755067974,7264.864218473434,17.676441317491534,64.0,1000.0
241000,5.961765766143799,0.1509271115064621,60.01355266571045,538.699953135103,7287.027042388916,nan,nan,nan
242000,5.906585693359375,0.1010090634226799,60.078256011009216,539.2265461403877,7309.026656627655,nan,nan,nan
243000,5.9347381591796875,0.14747872948646545,60.15675437450409,539.7362079750746,7330.2324323654175,nan,nan,nan
244000,5.956275939941406,0.10435431450605392,60.22492170333862,540.2909140475094,7350.761734247208,nan,nan,nan
245000,5.937558650970459,0.09768332540988922,60.286853194236755,540.8826483674347,7371.335143566132,nan,nan,nan
246000,5.955789566040039,0.10023470222949982,60.36200773715973,541.4217214696109,7391.803440093994,nan,nan,nan
247000,5.940530300140381,0.21637845039367676,60.40726661682129,542.0942342821509,7412.441571474075,nan,nan,nan
248000,5.950460910797119,0.1076611652970314,60.47092854976654,542.7113765999675,7432.889109611511,nan,nan,nan
249000,5.949434280395508,0.11259672790765762,60.53805482387543,543.244794646278,7453.377323389053,nan,nan,nan
250000,6.097809791564941,0.12210166454315186,60.606536626815796,543.7500637602061,7473.80091381073,nan,nan,nan
251000,5.941177845001221,0.1381649225950241,60.67454695701599,544.3080417122692,7493.363451242447,nan,nan,nan
252000,5.942084789276123,0.1236754059791565,60.74160158634186,544.8741563651711,7512.970271110535,nan,nan,nan
253000,5.940837383270264,0.14759673178195953,60.78762674331665,545.5222479049116,7533.512475013733,nan,nan,nan
254000,5.949647903442383,0.12749521434307098,60.84588813781738,546.0256705693901,7553.861443042755,nan,nan,nan
255000,5.9624481201171875,0.1237054392695427,60.90246021747589,546.4851917587221,7574.312468767166,nan,nan,nan
256000,5.943897724151611,0.07121943682432175,60.96110427379608,547.0911578834057,7594.755439758301,nan,nan,nan
257000,5.972456455230713,0.08722083270549774,61.01387870311737,547.7012108154595,7615.108057975769,nan,nan,nan
258000,5.945888996124268,0.1870219111442566,61.09783661365509,548.1949152201414,7635.64417886734,nan,nan,nan
259000,5.945701599121094,0.1399965137243271,61.15299868583679,548.7736849822104,7656.363780975342,nan,nan,nan
260000,5.9574055671691895,0.13385950028896332,61.21574318408966,549.264888541773,7872.03938126564,19.645361310386736,12.333333333333334,1000.0
261000,5.93965482711792,0.09353246539831161,61.25712180137634,549.8405535910279,7892.494402647018,nan,nan,nan
262000,5.9263014793396,0.13780617713928223,61.32605838775635,550.3819901756942,7912.849544286728,nan,nan,nan
263000,5.958005905151367,0.2045547068119049,61.39128088951111,550.9584415983409,7933.206423044205,nan,nan,nan
264000,5.960900783538818,0.11006513983011246,61.45430088043213,551.4555044174194,7953.635223865509,nan,nan,nan
265000,5.972081184387207,0.08882220089435577,61.51693522930145,552.0430818200111,7973.848875761032,nan,nan,nan
266000,5.954148292541504,0.11317703872919083,61.565171003341675,552.605647560209,7993.999392271042,nan,nan,nan
267000,5.947576522827148,0.18142668902873993,61.634536027908325,553.1543603334576,8014.402959823608,nan,nan,nan
268000,5.945660591125488,0.2029142826795578,61.70240068435669,553.775119939819,8034.66134929657,nan,nan,nan
269000,5.9326276779174805,0.1248578354716301,61.77205562591553,554.3525555860251,8055.057496070862,nan,nan,nan
270000,5.945417404174805,0.1080726608633995,61.83209407329559,554.9040186293423,8075.441125154495,nan,nan,nan
271000,5.944550514221191,0.1214018240571022,61.893030762672424,555.5038977209479,8095.935701131821,nan,nan,nan
272000,5.9478888511657715,0.10303854942321777,61.961612701416016,556.0217576697469,8116.393917798996,nan,nan,nan
273000,5.94305419921875,0.2176249772310257,62.01663613319397,556.5152956377715,8136.787922382355,nan,nan,nan
274000,5.917943000793457,0.07887929677963257,62.08456909656525,557.1038503348827,8157.345399856567,nan,nan,nan
275000,5.9473490715026855,0.14154110848903656,62.15664577484131,557.6230962928385,8179.38148021698,nan,nan,nan
276000,5.927617073059082,0.1192300096154213,62.2028169631958,558.1454564444721,8201.392567157745,nan,nan,nan
277000,5.937177658081055,0.15581749379634857,62.26093542575836,558.6773262489587,8223.860882759094,nan,nan,nan
278000,5.9637370109558105,0.13310429453849792,62.33753025531769,559.2806028388441,8246.345891714096,nan,nan,nan
279000,5.94423246383667,0.1302100270986557,62.39880061149597,559.8885285500437,8267.699845552444,nan,nan,nan
280000,5.937849998474121,0.14950181543827057,62.47136163711548,560.4302640669048,8475.665911436081,19.098839681012407,16.0,1000.0
281000,5.939065456390381,0.1320067048072815,62.523438811302185,560.9550290592015,8496.938053131104,nan,nan,nan
282000,5.9352545738220215,0.09086685627698898,62.57935988903046,561.4650234784931,8517.326504707336,nan,nan,nan
283000,5.935613632202148,0.20542584359645844,62.65211737155914,561.9716720785946,8537.782687664032,nan,nan,nan
284000,5.931133270263672,0.18855829536914825,62.71532154083252,562.6031179428101,8558.232657670975,nan,nan,nan
285000,5.95265007019043,0.14336729049682617,62.78452801704407,563.1414549946785,8578.73519396782,nan,nan,nan
286000,5.955793380737305,0.1844111680984497,62.83885836601257,563.6827464848757,8599.013089895248,nan,nan,nan
287000,5.9577555656433105,0.0696086511015892,62.905420660972595,564.2351823113859,8619.454738140106,nan,nan,nan
288000,5.957706451416016,0.11576244980096817,62.95957803726196,564.7623745240271,8640.929405927658,nan,nan,nan
289000,5.93994140625,0.09367429465055466,63.020294427871704,565.3123598825186,8663.256367444992,nan,nan,nan
290000,5.93565559387207,0.06933288276195526,63.08475637435913,565.8157325200737,8685.497747898102,nan,nan,nan
291000,5.945032596588135,0.14708362519741058,63.148072719573975,566.391807820648,8707.633694410324,nan,nan,nan
292000,5.961014747619629,0.1328524798154831,63.20629560947418,566.922783754766,8729.028566598892,nan,nan,nan
293000,5.934718132019043,0.08851728588342667,63.27037453651428,567.4859736189246,8749.488455057144,nan,nan,nan
294000,5.954265594482422,0.10345933586359024,63.333234429359436,568.0188448484987,8769.949267864227,nan,nan,nan
295000,5.9575276374816895,0.10235246270895004,63.392600417137146,568.5449525713921,8790.311049938202,nan,nan,nan
296000,5.90671443939209,0.1423710435628891,63.45699381828308,569.0483656525612,8810.759217500687,nan,nan,nan
297000,5.903022289276123,0.09698209911584854,63.53417491912842,569.5616071093827,8831.268243074417,nan,nan,nan
298000,5.964648246765137,0.13645657896995544,63.59846317768097,570.0894174911082,8851.822604179382,nan,nan,nan
299000,5.915542125701904,0.08561915159225464,63.65717148780823,570.6426845751703,8872.457506895065,nan,nan,nan
300000,5.916332244873047,0.11564362049102783,63.72612535953522,571.159955099225,9078.739576101303,21.496774315979636,28.333333333333332,1000.0
301000,5.944291114807129,0.15838661789894104,63.788845896720886,571.6565796099603,9099.298338890076,nan,nan,nan
302000,5.938652515411377,0.08879571408033371,63.86485552787781,572.1532854437828,9119.620363235474,nan,nan,nan
303000,5.95979642868042,0.10661893337965012,63.92764723300934,572.6560169421136,9140.079797506332,nan,nan,nan
304000,5.924370765686035,0.0712735652923584,63.99436163902283,573.221061758697,9161.723497152328,nan,nan,nan
305000,5.932603359222412,0.10694992542266846,64.06497967243195,573.6882003061473,9183.731808185577,nan,nan,nan
306000,5.936609745025635,0.0988803505897522,64.12592363357544,574.2030260227621,9204.693272829056,nan,nan,nan
307000,5.909665107727051,0.09806668013334274,64.18452572822571,574.6615114547312,9224.94065284729,nan,nan,nan
308000,5.914742469787598,0.1189020648598671,64.23792374134064,575.125591866672,9245.335978984833,nan,nan,nan
309000,6.005253314971924,0.10325054079294205,64.30664551258087,575.6151136234403,9265.916478395462,nan,nan,nan
310000,5.913419246673584,0.08094824850559235,64.38011193275452,576.1971891969442,9286.503849744797,nan,nan,nan
311000,5.927592754364014,0.15178023278713226,64.43519651889801,576.7148498445749,9307.012942314148,nan,nan,nan
312000,5.973462104797363,0.08224231749773026,64.49147617816925,577.2188862860203,9327.374024391174,nan,nan,nan
313000,5.944446563720703,0.09105949848890305,64.54578149318695,577.7212274260819,9347.810569047928,nan,nan,nan
314000,5.936146259307861,0.10503923892974854,64.60918653011322,578.2464526630938,9368.42670416832,nan,nan,nan
315000,5.897592544555664,0.07014547288417816,64.67997622489929,578.7753867171705,9389.15547466278,nan,nan,nan
316000,5.920961380004883,0.10575034469366074,64.75584185123444,579.2753373757005,9411.26089477539,nan,nan,nan
317000,5.937126159667969,0.12079504877328873,64.82219612598419,579.8066646084189,9433.351480007172,nan,nan,nan
318000,5.918877601623535,0.056287672370672226,64.89007246494293,580.2724215425551,9455.793363571167,nan,nan,nan
319000,5.944873332977295,0.10365122556686401,64.9538244009018,580.7974227741361,9476.907984018326,nan,nan,nan
320000,5.906994819641113,0.1132543608546257,65.01635527610779,581.2567899860442,9679.99543428421,17.76279647604845,52.0,1000.0
321000,6.045778751373291,0.09551768004894257,65.08050799369812,581.7695217840374,9700.66106748581,nan,nan,nan
322000,5.928522109985352,0.08528498560190201,65.14030826091766,582.2460068203509,9721.149455308914,nan,nan,nan
323000,5.942680835723877,0.1434417963027954,65.21287560462952,582.7387160286307,9741.508744001389,nan,nan,nan
324000,5.943422317504883,0.14640486240386963,65.26664280891418,583.1753944195807,9761.89540719986,nan,nan,nan
325000,5.923343181610107,0.10726648569107056,65.33899366855621,583.6968573331833,9782.393040657043,nan,nan,nan
326000,5.924798011779785,0.1444983035326004,65.39882898330688,584.1643163487315,9802.807463884354,nan,nan,nan
327000,5.93720817565918,0.07475414872169495,65.46822786331177,584.6668648123741,9823.272901773453,nan,nan,nan
328000,5.913275718688965,0.11641484498977661,65.5299744606018,585.1188403442502,9843.766530275345,nan,nan,nan
329000,5.931641578674316,0.0899103507399559,65.594309091568,585.5707273893058,9865.168589830399,nan,nan,nan
330000,5.939640998840332,0.10637189447879791,65.67162322998047,586.0637027062476,9887.365114688873,nan,nan,nan
331000,5.94059944152832,0.06190537288784981,65.73581326007843,586.5560481697321,9909.407099723816,nan,nan,nan
332000,5.921999454498291,0.10349295288324356,65.80072855949402,586.9915869683027,9931.607207536697,nan,nan,nan
333000,5.945884704589844,0.1104443222284317,65.8575668334961,587.4728588499129,9953.67901134491,nan,nan,nan
334000,5.948343753814697,0.06896709650754929,65.92137634754181,587.9869161173701,9974.837246418,nan,nan,nan
335000,5.918349266052246,0.1434430181980133,65.98029255867004,588.4429440274835,9995.323027849197,nan,nan,nan
336000,6.042911052703857,0.09622171521186829,66.03763735294342,588.8788219206035,10015.740200519562,nan,nan,nan
337000,5.9351325035095215,0.12194671481847763,66.10461962223053,589.3715664707124,10036.06207704544,nan,nan,nan
338000,6.030735492706299,0.10553248226642609,66.16422951221466,589.8368879370391,10056.452285289764,nan,nan,nan
339000,5.920679569244385,0.06319572776556015,66.22406113147736,590.3573909588158,10076.84797501564,nan,nan,nan
340000,5.934396743774414,0.1332455426454544,66.28891336917877,590.8751132898033,10281.578615427017,14.262143856584506,20.666666666666668,1000.0
341000,5.936929225921631,0.14065608382225037,66.36232006549835,591.2742025107145,10302.058677911758,nan,nan,nan
342000,6.288947582244873,0.12059897184371948,66.42993927001953,591.7413501106203,10322.858052968979,nan,nan,nan
343000,5.9602837562561035,0.08971825987100601,66.49624574184418,592.217988461256,10344.973427534103,nan,nan,nan
344000,5.957022190093994,0.08743726462125778,66.55698108673096,592.6210981756449,10366.997729301453,nan,nan,nan
345000,5.921416759490967,0.14286166429519653,66.62955033779144,593.0729294270277,10389.019274234772,nan,nan,nan
346000,5.911783695220947,0.09857736527919769,66.69043385982513,593.5185106024146,10411.160382270813,nan,nan,nan
347000,5.95858097076416,0.09305117279291153,66.74373054504395,594.0025861561298,10433.555603981018,nan,nan,nan
348000,5.991857051849365,0.11673412472009659,66.8028393983841,594.4730061627924,10455.680143117905,nan,nan,nan
349000,5.900619983673096,0.10801344364881516,66.86344861984253,594.8861315324903,10476.46775007248,nan,nan,nan
350000,5.9110026359558105,0.10841117054224014,66.9302327632904,595.3132832273841,10496.974365472794,nan,nan,nan
351000,5.927443027496338,0.10947054624557495,66.98984122276306,595.7692018374801,10517.481148004532,nan,nan,nan
352000,6.000912666320801,0.12494974583387375,67.04669737815857,596.2385855056345,10537.880432367325,nan,nan,nan
353000,5.96739387512207,0.1352633535861969,67.10714268684387,596.6537641882896,10558.31289935112,nan,nan,nan
354000,5.935220718383789,0.08117792755365372,67.18843567371368,597.1015454903245,10578.528086900711,nan,nan,nan
355000,5.910122394561768,0.11763663589954376,67.25150454044342,597.527146037668,10598.697766780853,nan,nan,nan
356000,5.908934116363525,0.0881367102265358,67.3123881816864,597.9583807960153,10618.3215675354,nan,nan,nan
357000,5.930316925048828,0.07575123757123947,67.38974750041962,598.3653189949691,10637.804859399796,nan,nan,nan
358000,5.934696197509766,0.10905518382787704,67.45569980144501,598.7994439527392,10657.772163391113,nan,nan,nan
359000,5.932234764099121,0.09306950122117996,67.50734961032867,599.2291392274201,10678.288633108139,nan,nan,nan
360000,5.905653953552246,0.07743944972753525,67.56771206855774,599.6442442685366,10892.829461574554,3.8956258712172978,5.666666666666667,1000.0
361000,5.918715953826904,0.13698719441890717,67.63556265830994,600.106328535825,10915.12737941742,nan,nan,nan
362000,5.992424964904785,0.06461387127637863,67.70524597167969,600.5605390332639,10937.186825275421,nan,nan,nan
363000,5.967856407165527,0.15453778207302094,67.7736428976059,600.9691063351929,10958.774090528488,nan,nan,nan
364000,5.932066440582275,0.10499145090579987,67.8392766714096,601.3620918095112,10979.146721839905,nan,nan,nan
365000,5.948807716369629,0.11988475173711777,67.8949728012085,601.7777048833668,10999.544442892075,nan,nan,nan
366000,5.91358757019043,0.08463094383478165,67.96308922767639,602.1866285726428,11019.807237625122,nan,nan,nan
367000,5.916512966156006,0.08229800313711166,68.01349234580994,602.630491849035,11040.17393565178,nan,nan,nan
368000,5.963489055633545,0.07279723137617111,68.07303512096405,603.0221354290843,11060.616500616074,nan,nan,nan
369000,5.928377628326416,0.061089809983968735,68.13860630989075,603.4301199689507,11080.243297815323,nan,nan,nan
370000,5.900549411773682,0.07792148739099503,68.19471478462219,603.8093608021736,11099.941123008728,nan,nan,nan
371000,5.961240291595459,0.08267468214035034,68.263787150383,604.2063514739275,11119.287212371826,nan,nan,nan
372000,5.9180006980896,0.15052174031734467,68.3282824754715,604.5964523926377,11138.924284934998,nan,nan,nan
373000,5.914783477783203,0.09654628485441208,68.40367007255554,605.0560840778053,11159.579354286194,nan,nan,nan
374000,5.9086527824401855,0.06502757221460342,68.46046555042267,605.4122752845287,11180.103477478027,nan,nan,nan
375000,5.8871989250183105,0.09023337811231613,68.53374314308167,605.8567175716162,11200.437990903854,nan,nan,nan
376000,5.87812614440918,0.07785498350858688,68.59211730957031,606.3247234262526,11221.088199138641,nan,nan,nan
377000,5.893051624298096,0.08767624199390411,68.64819931983948,606.6740428172052,11241.558123588562,nan,nan,nan
378000,5.88759708404541,0.12574544548988342,68.7095353603363,607.0898102410138,11262.743818998337,nan,nan,nan
379000,5.9178667068481445,0.08493255823850632,68.76586639881134,607.4580410197377,11284.732821702957,nan,nan,nan
380000,5.929374694824219,0.13578246533870697,68.82935285568237,607.9069131650031,11500.867697238922,17.703517528964124,33.0,1000.0
381000,5.924753665924072,0.07885531336069107,68.90214204788208,608.3061625137925,11521.138568401337,nan,nan,nan
382000,5.912288188934326,0.12478828430175781,68.9745362997055,608.6885907873511,11541.268829107285,nan,nan,nan
383000,5.923327922821045,0.11610709875822067,69.0360939502716,609.1040812693536,11560.842611789703,nan,nan,nan
384000,5.95518159866333,0.12909892201423645,69.09075379371643,609.4645504057407,11580.54938697815,nan,nan,nan
385000,5.888065338134766,0.08957206457853317,69.15154922008514,609.8729098886251,11600.000764131546,nan,nan,nan
386000,5.912796974182129,0.08865799754858017,69.21567809581757,610.2728772051632,11619.7626683712,nan,nan,nan
387000,5.924803733825684,0.10606596618890762,69.2793778181076,610.6579612083733,11640.027235269547,nan,nan,nan
388000,5.898982524871826,0.09959733486175537,69.34237122535706,611.0484132654965,11660.606559753418,nan,nan,nan
389000,5.933994770050049,0.13289883732795715,69.40142476558685,611.4564907811582,11681.230758428574,nan,nan,nan
390000,5.926786422729492,0.0704917460680008,69.47206044197083,611.826852414757,11701.803986787796,nan,nan,nan
391000,5.955343246459961,0.14620554447174072,69.54022884368896,612.1891775242984,11722.641437292099,nan,nan,nan
392000,5.899121284484863,0.09538612514734268,69.59753561019897,612.5553254447877,11744.556849002838,nan,nan,nan
393000,5.912816524505615,0.09066222608089447,69.64892411231995,612.9706980697811,11766.510913610458,nan,nan,nan
394000,5.909607887268066,0.12296298891305923,69.71248984336853,613.3649554885924,11788.626842975616,nan,nan,nan
395000,5.9114089012146,0.09318756312131882,69.78385436534882,613.7414119020104,11810.68895983696,nan,nan,nan
396000,5.89750862121582,0.08299829810857773,69.83797609806061,614.1566481553018,11832.833792686462,nan,nan,nan
397000,5.899402141571045,0.07622423022985458,69.89852964878082,614.4776700921357,11855.098199129105,nan,nan,nan
398000,5.919551372528076,0.11176290363073349,69.96719944477081,614.8332288600504,11877.085668802261,nan,nan,nan
399000,5.882260322570801,0.04653208702802658,70.02705085277557,615.2049372531474,11899.185578107834,nan,nan,nan
400000,5.880507469177246,0.08921120315790176,70.09803462028503,615.6511099897325,12099.048897504807,13.626312549141938,8.333333333333334,1000.0
401000,5.9163289070129395,0.056956470012664795,70.15232539176941,616.0265906788409,12118.552222967148,nan,nan,nan
402000,5.954171657562256,0.09507398307323456,70.22118639945984,616.3718279004097,12138.42838549614,nan,nan,nan
403000,5.910500526428223,0.08346720039844513,70.27651059627533,616.74960924685,12158.958554506302,nan,nan,nan
404000,5.931739330291748,0.09320268034934998,70.34591853618622,617.1325085200369,12179.39140033722,nan,nan,nan
405000,5.962526798248291,0.12289506196975708,70.3952168226242,617.514637619257,12201.243235826492,nan,nan,nan
406000,5.883473873138428,0.0769096240401268,70.44847071170807,617.8415100127459,12223.390414476395,nan,nan,nan
407000,9.961181640625,0.0016742419684305787,70.5185616016388,618.2516745962203,12245.815529823303,nan,nan,nan
408000,5.9144110679626465,0.09126760065555573,70.58078110218048,618.6415459103882,12267.849130392075,nan,nan,nan
409000,5.942584037780762,0.09233691543340683,70.64801895618439,618.9651446044445,12289.855756759644,nan,nan,nan
410000,5.986872673034668,0.08629626035690308,70.70920252799988,619.3534203581512,12311.921417474747,nan,nan,nan
411000,5.905356407165527,0.09485332667827606,70.78619658946991,619.7462147064507,12334.031030416489,nan,nan,nan
412000,5.935653209686279,0.0776536837220192,70.83512735366821,620.1195720285177,12356.07429933548,nan,nan,nan
413000,5.930953025817871,0.10219796746969223,70.90150427818298,620.5084495916963,12378.139379024506,nan,nan,nan
414000,8.891963958740234,0.06428016722202301,70.95377206802368,620.8390074335039,12400.123697757721,nan,nan,nan
415000,5.927437782287598,0.09189088642597198,70.9977275133133,621.1896042078733,12422.122334480286,nan,nan,nan
416000,6.046356678009033,0.09211593121290207,71.07162117958069,621.5753947496414,12444.166570186615,nan,nan,nan
417000,5.949284076690674,0.1080327257514,71.12610471248627,621.8415229320526,12465.292922258377,nan,nan,nan
418000,5.928251266479492,0.07124628871679306,71.18921732902527,622.237143419683,12485.061888217926,nan,nan,nan
419000,5.886622905731201,0.06796598434448242,71.26043891906738,622.5680785477161,12504.812032699585,nan,nan,nan
420000,5.945970058441162,0.14335811138153076,71.33313024044037,622.9072734676301,12703.640843629837,14.15649117466161,14.0,1000.0
421000,5.892557621002197,0.07523862272500992,71.38935232162476,623.3369365781546,12725.63579750061,nan,nan,nan
422000,5.899585247039795,0.10287556797266006,71.44555151462555,623.6533521600068,12747.764235496521,nan,nan,nan
423000,5.905000686645508,0.07908536493778229,71.4956362247467,623.9821139536798,12769.859757184982,nan,nan,nan
424000,5.9012837409973145,0.08556628227233887,71.5570696592331,624.3288337141275,12791.979698181152,nan,nan,nan
425000,5.8903679847717285,0.11583111435174942,71.61677289009094,624.6477350704372,12814.051649332047,nan,nan,nan
426000,5.880834579467773,0.11977410316467285,71.66666376590729,624.9984979480505,12836.08185172081,nan,nan,nan
427000,6.453728675842285,0.0640464648604393,71.73016262054443,625.3577451445162,12858.139135599136,nan,nan,nan
428000,5.92226505279541,0.06405352801084518,71.78558480739594,625.6822280436754,12880.323930501938,nan,nan,nan
429000,5.91818380355835,0.07158162444829941,71.84901201725006,626.0522271543741,12902.646678209305,nan,nan,nan
430000,6.199677467346191,0.0809175968170166,71.92238640785217,626.3769361376762,12924.683716535568,nan,nan,nan
431000,6.092820644378662,0.10271508991718292,72.00018727779388,626.7293001189828,12945.553589344025,nan,nan,nan
432000,5.915210247039795,0.10924456268548965,72.06102299690247,627.0182444415987,12965.288545846939,nan,nan,nan
433000,5.903421878814697,0.13087435066699982,72.12947487831116,627.386022746563,12984.771083831787,nan,nan,nan
434000,6.04563570022583,0.07085034996271133,72.19245970249176,627.7241737730801,13004.456324338913,nan,nan,nan
435000,5.974874019622803,0.053085412830114365,72.25243031978607,628.0635817907751,13024.12807893753,nan,nan,nan
436000,5.9490203857421875,0.08088534325361252,72.30955529212952,628.3877672664821,13043.806920528412,nan,nan,nan
437000,5.933834552764893,0.1140410527586937,72.35836863517761,628.7223003022373,13063.25786113739,nan,nan,nan
438000,5.928579330444336,0.09192969650030136,72.4221111536026,629.0486376658082,13082.884013175964,nan,nan,nan
439000,6.168410778045654,0.055454522371292114,72.4899263381958,629.3942178227007,13102.468839645386,nan,nan,nan
440000,5.9120988845825195,0.07992743700742722,72.55234396457672,629.720153387636,13321.340077638626,11.427681615349774,16.333333333333332,1000.0
441000,5.933228015899658,0.0627877414226532,72.61213183403015,630.1060265824199,13343.587121486664,nan,nan,nan
442000,8.241599082946777,0.021336639299988747,72.66403186321259,630.3968427143991,13365.782180786133,nan,nan,nan
443000,5.886246204376221,0.09425109624862671,72.7243983745575,630.6937151476741,13387.827204465866,nan,nan,nan
444000,5.939647674560547,0.11258301883935928,72.7965030670166,631.0338202752173,13408.809161663055,nan,nan,nan
445000,5.918632507324219,0.10433059185743332,72.8468189239502,631.3681817427278,13429.351805448532,nan,nan,nan
446000,5.922526836395264,0.09712808579206467,72.91032636165619,631.6975428014994,13449.0961227417,nan,nan,nan
447000,5.924214839935303,0.06423457711935043,72.97555887699127,632.0313125923276,13468.680258512497,nan,nan,nan
448000,5.889715194702148,0.07473856210708618,73.03825163841248,632.3532760962844,13488.342804670334,nan,nan,nan
449000,5.9416184425354,0.07315099239349365,73.09287023544312,632.7157691009343,13508.018069982529,nan,nan,nan
450000,5.9397196769714355,0.10991459339857101,73.16139101982117,633.018434304744,13527.596768140793,nan,nan,nan
451000,5.890916347503662,0.10116838663816452,73.23530638217926,633.3386114612222,13547.105244874954,nan,nan,nan
452000,5.9259033203125,0.06303379684686661,73.30023610591888,633.6259150281549,13566.603050231934,nan,nan,nan
453000,5.953466415405273,0.05303172022104263,73.35790169239044,633.9497152417898,13586.706352233887,nan,nan,nan
454000,5.891650199890137,0.1121802106499672,73.42307007312775,634.2526946440339,13606.923159122467,nan,nan,nan
455000,5.92044734954834,0.09324506670236588,73.48418927192688,634.5817058682442,13627.938020706177,nan,nan,nan
456000,5.938236713409424,0.14396220445632935,73.54606401920319,634.8823149167001,13649.99720287323,nan,nan,nan
457000,5.934492588043213,0.08643297106027603,73.61231780052185,635.243628937751,13672.165201663971,nan,nan,nan
458000,5.890279293060303,0.04668758064508438,73.69367563724518,635.5394909642637,13694.164596557617,nan,nan,nan
459000,5.9599289894104,0.05617915466427803,73.75506365299225,635.8072568550706,13716.582610368729,nan,nan,nan
460000,5.9331254959106445,0.053399574011564255,73.81996297836304,636.1472001299262,13933.339433431625,17.96801635318235,27.666666666666668,1000.0
461000,7.933779716491699,0.015530021861195564,73.89560043811798,636.4491551816463,13952.682839155197,nan,nan,nan
462000,5.919334888458252,0.08274538815021515,73.9441180229187,636.7526606172323,13972.258150577545,nan,nan,nan
463000,5.950101852416992,0.06857361644506454,74.01013338565826,637.1185950897634,13991.852858543396,nan,nan,nan
464000,8.527148246765137,0.005912449676543474,74.06449449062347,637.4327456764877,14011.292021989822,nan,nan,nan
465000,5.925713539123535,0.06781219691038132,74.11328077316284,637.743032630533,14030.983597278595,nan,nan,nan
466000,5.893005847930908,0.0651542916893959,74.1707272529602,638.09514888376,14050.703127861023,nan,nan,nan
467000,5.88627290725708,0.1446947306394577,74.2424498796463,638.3534080311656,14071.12566113472,nan,nan,nan
468000,6.306896686553955,0.0731542631983757,74.29794383049011,638.6968671455979,14091.531131982803,nan,nan,nan
469000,5.910727024078369,0.07973889261484146,74.35190427303314,638.984133258462,14111.895938158035,nan,nan,nan
470000,7.159904479980469,0.022130118682980537,74.41951179504395,639.3097395226359,14133.624339580536,nan,nan,nan
471000,5.948251724243164,0.09337221831083298,74.48040735721588,639.6185901798308,14155.742339134216,nan,nan,nan
472000,5.90597677230835,0.05811263248324394,74.54184758663177,639.9445375353098,14177.753326177597,nan,nan,nan
473000,5.90940523147583,0.08514713495969772,74.59626007080078,640.243522554636,14199.73857331276,nan,nan,nan
474000,5.896551609039307,0.11561737209558487,74.66883265972137,640.5578372590244,14221.852118253708,nan,nan,nan
475000,5.929483890533447,0.10439126938581467,74.73258256912231,640.8389668501914,14243.967542648315,nan,nan,nan
476000,5.929201126098633,0.05932226404547691,74.7962394952774,641.1336463615298,14266.009569644928,nan,nan,nan
477000,5.884174346923828,0.08089622110128403,74.8603333234787,641.4527138099074,14288.028998374939,nan,nan,nan
478000,5.909362316131592,0.05895143374800682,74.91249573230743,641.7476763539016,14310.011390209198,nan,nan,nan
479000,5.920057773590088,0.08235990256071091,74.98353433609009,642.0631450042129,14331.613277196884,nan,nan,nan
480000,5.9308576583862305,0.056051887571811676,75.04764032363892,642.3247327618301,14531.269184827805,20.347734701545196,6.0,1000.0
481000,5.923295974731445,0.06655396521091461,75.10433828830719,642.563167501241,14551.615130662918,nan,nan,nan
482000,9.164438247680664,0.006400111597031355,75.17972314357758,642.9134441353381,14572.111530303955,nan,nan,nan
483000,5.954977512359619,0.0799177810549736,75.23138153553009,643.2403830960393,14592.630239963531,nan,nan,nan
484000,5.9329705238342285,0.06746374815702438,75.2973210811615,643.5262949466705,14613.108876943588,nan,nan,nan
485000,5.922244548797607,0.07420682162046432,75.36082971096039,643.7969614826143,14635.196964502335,nan,nan,nan
486000,5.923784255981445,0.05092715099453926,75.41568887233734,644.0820344798267,14657.315099954605,nan,nan,nan
487000,5.879886627197266,0.09373637288808823,75.47518193721771,644.3737848699093,14679.28695321083,nan,nan,nan
488000,5.9494757652282715,0.057764481753110886,75.53924775123596,644.6863776296377,14701.455389738083,nan,nan,nan
489000,5.90657901763916,0.10374138504266739,75.6068354845047,644.9964160323143,14723.50390791893,nan,nan,nan
490000,5.916506767272949,0.07815439254045486,75.67423689365387,645.3368905112147,14745.498547077179,nan,nan,nan
491000,6.005270481109619,0.07140979915857315,75.75087833404541,645.5857857204974,14767.678926706314,nan,nan,nan
492000,12.127986907958984,0.0006068630609661341,75.8077621459961,645.8643232434988,14789.923972845078,nan,nan,nan
493000,5.8800048828125,0.06092202663421631,75.87236070632935,646.1655809506774,14810.40487408638,nan,nan,nan
494000,5.89792013168335,0.04789980128407478,75.928555727005,646.4593049921095,14830.97865819931,nan,nan,nan
495000,5.917688369750977,0.06475179642438889,75.9776109457016,646.7023113332689,14851.31723022461,nan,nan,nan
496000,5.9087653160095215,0.07640095800161362,76.03352344036102,646.9951559565961,14871.633869886398,nan,nan,nan
497000,5.909045219421387,0.0914294496178627,76.10603153705597,647.3150957785547,14892.105401277542,nan,nan,nan
498000,5.9329962730407715,0.04961452633142471,76.1850174665451,647.5877540148795,14912.480643510818,nan,nan,nan
499000,5.9110283851623535,0.08975044637918472,76.2492583990097,647.8376991078258,14932.930604934692,nan,nan,nan
500000,6.074085235595703,0.05856573209166527,76.30841815471649,648.1735290698707,15134.211477041245,16.695753466262953,42.0,1000.0
501000,5.871125221252441,0.05538789555430412,76.36340463161469,648.4937661215663,15156.37799835205,nan,nan,nan
502000,5.902041912078857,0.04405420273542404,76.42932748794556,648.7603672519326,15178.500394821167,nan,nan,nan
503000,5.932336807250977,0.06188007816672325,76.49278450012207,649.0121680106968,15200.528191328049,nan,nan,nan
504000,5.912961959838867,0.05291328579187393,76.56120145320892,649.3000589776784,15222.595954418182,nan,nan,nan
505000,5.889143466949463,0.08246910572052002,76.62765002250671,649.6206809654832,15244.631664514542,nan,nan,nan
506000,5.924739360809326,0.132173091173172,76.67600607872009,649.9135317876935,15266.092062711716,nan,nan,nan
507000,5.953585147857666,0.11822543293237686,76.7418258190155,650.1437948606908,15286.756202459335,nan,nan,nan
508000,5.877771854400635,0.043334655463695526,76.80001032352448,650.4279806278646,15307.319768190384,nan,nan,nan
509000,5.93358850479126,0.051588792353868484,76.83878338336945,650.7440547011793,15327.669746398926,nan,nan,nan
510000,6.195584297180176,0.05158243328332901,76.89062523841858,651.0356093607843,15348.040745973587,nan,nan,nan
511000,5.920456886291504,0.06420575827360153,76.95393359661102,651.3475175816566,15368.527056217194,nan,nan,nan
512000,5.9294047355651855,0.056441403925418854,77.01302814483643,651.6126561649144,15388.962475061417,nan,nan,nan
513000,5.891656398773193,0.0803353413939476,77.074538230896,651.8985200300813,15409.471634626389,nan,nan,nan
514000,5.90170955657959,0.08106910437345505,77.13660824298859,652.1956213451922,15429.908924818039,nan,nan,nan
515000,5.913609981536865,0.067539282143116,77.20302164554596,652.4501484446228,15449.513861179352,nan,nan,nan
516000,5.917444705963135,0.09828387945890427,77.26777851581573,652.7242682985961,15469.910605669022,nan,nan,nan
517000,5.904064178466797,0.06179153919219971,77.33164513111115,653.0481158681214,15490.354408502579,nan,nan,nan
518000,5.929173469543457,0.0693618506193161,77.38797330856323,653.3416695240885,15510.690192937851,nan,nan,nan
519000,5.836114883422852,0.05368831381201744,77.45415258407593,653.6240159384906,15531.014122486115,nan,nan,nan
520000,5.928632736206055,0.06472708284854889,77.51473951339722,653.8631150387228,15742.935278892517,15.331574498457094,36.333333333333336,1000.0
521000,5.932775020599365,0.05323408171534538,77.56762945652008,654.1437223255634,15763.446092128754,nan,nan,nan
522000,5.916030406951904,0.0920298621058464,77.63421964645386,654.4136558435857,15783.96035695076,nan,nan,nan
523000,5.8688483238220215,0.053503185510635376,77.6867687702179,654.7043873779476,15804.353889226913,nan,nan,nan
524000,5.917732238769531,0.07027804106473923,77.76131188869476,654.9829357862473,15824.89169383049,nan,nan,nan
525000,5.920821189880371,0.06530002504587173,77.82674396038055,655.2421775460243,15845.60873389244,nan,nan,nan
526000,5.909457683563232,0.07577278465032578,77.87614595890045,655.5623303316534,15865.95123243332,nan,nan,nan
527000,5.976529598236084,0.06490811705589294,77.93940055370331,655.8170348443091,15886.43477320671,nan,nan,nan
528000,5.8987932205200195,0.04305268079042435,78.00891888141632,656.095269408077,15906.981156110764,nan,nan,nan
529000,5.900181770324707,0.07026409357786179,78.06202208995819,656.3572243638337,15928.434295415878,nan,nan,nan
530000,5.953402042388916,0.055988412350416183,78.1193778514862,656.6210273168981,15948.714099407196,nan,nan,nan
531000,7.729722499847412,0.0068387254141271114,78.18668735027313,656.8738454189152,15969.14788532257,nan,nan,nan
532000,5.925474643707275,0.0788796991109848,78.2556381225586,657.1496798209846,15989.491072177887,nan,nan,nan
533000,5.928394794464111,0.05172659084200859,78.29694557189941,657.3645280078053,16009.88817358017,nan,nan,nan
534000,5.9368896484375,0.0813772976398468,78.36341333389282,657.671629589051,16030.178802490234,nan,nan,nan
535000,5.910401344299316,0.04571318253874779,78.42085075378418,657.9525629822165,16050.714445352554,nan,nan,nan
536000,5.925359725952148,0.06773064285516739,78.47688913345337,658.1960959676653,16071.047815799713,nan,nan,nan
537000,5.921244144439697,0.06194246932864189,78.55219781398773,658.4726124815643,16091.322030544281,nan,nan,nan
538000,5.931367874145508,0.06906826794147491,78.606414437294,658.7406094726175,16111.53812789917,nan,nan,nan
539000,5.909797191619873,0.08489429205656052,78.67321598529816,659.0674703195691,16134.805217266083,nan,nan,nan
540000,5.916937351226807,0.07077056169509888,78.73508501052856,659.2977552805096,16346.798013925552,16.683977049721182,8.333333333333334,1000.0
541000,5.874939441680908,0.0820838212966919,78.7882913351059,659.5643338579684,16367.554555177689,nan,nan,nan
542000,5.95848274230957,0.061503227800130844,78.84729099273682,659.8348083011806,16388.608947515488,nan,nan,nan
543000,5.903013229370117,0.06961008161306381,78.89941430091858,660.1291869301349,16411.033098459244,nan,nan,nan
544000,5.909318923950195,0.0688258707523346,78.96413862705231,660.339101081714,16432.085350990295,nan,nan,nan
545000,5.914441108703613,0.08297666907310486,79.02407169342041,660.5764471758157,16452.455597162247,nan,nan,nan
546000,5.8967814445495605,0.10046299546957016,79.08202946186066,660.81648796238,16472.820070266724,nan,nan,nan
547000,5.914320468902588,0.10099007934331894,79.13587784767151,661.1143000163138,16493.064475774765,nan,nan,nan
548000,5.896840572357178,0.06175849586725235,79.18729257583618,661.3936440423131,16513.623378515244,nan,nan,nan
549000,5.913059234619141,0.06944173574447632,79.24483072757721,661.5986227598041,16534.70125246048,nan,nan,nan
550000,5.932341575622559,0.0792807936668396,79.30539667606354,661.9229918587953,16555.028989315033,nan,nan,nan
551000,5.8912353515625,0.05399104580283165,79.35758543014526,662.126257546246,16575.44962954521,nan,nan,nan
552000,5.9196295738220215,0.06093539670109749,79.42580211162567,662.3911050129682,16596.01621556282,nan,nan,nan
553000,5.936735153198242,0.04659707471728325,79.49587917327881,662.6599259339273,16617.42885184288,nan,nan,nan
554000,5.916815757751465,0.08185698091983795,79.55693435668945,662.9205846227705,16640.004619836807,nan,nan,nan
555000,5.9330267906188965,0.11876397579908371,79.60773622989655,663.1553194951266,16661.716035604477,nan,nan,nan
556000,5.914332389831543,0.043825745582580566,79.66888773441315,663.4200094286352,16682.117826223373,nan,nan,nan
557000,5.875200271606445,0.055072952061891556,79.74022400379181,663.6948907691985,16702.533659934998,nan,nan,nan
558000,5.8971452713012695,0.06718156486749649,79.79641211032867,663.9619335755706,16722.968123435974,nan,nan,nan
559000,5.89613676071167,0.06443461030721664,79.83680975437164,664.1730260998011,16743.461752176285,nan,nan,nan
560000,5.859765529632568,0.06267135590314865,79.89401841163635,664.5263980273157,16954.30690217018,12.303833224606848,22.0,1000.0
561000,5.892794609069824,0.04949469491839409,79.94603896141052,664.7544899117202,16975.59655070305,nan,nan,nan
562000,5.858441352844238,0.08157610148191452,80.00754153728485,665.0004747249186,16995.935056209564,nan,nan,nan
563000,5.903426647186279,0.06054070219397545,80.07585787773132,665.2558974474669,17016.278202056885,nan,nan,nan
564000,5.920307636260986,0.0745742991566658,80.12675786018372,665.5243274755776,17036.705017328262,nan,nan,nan
565000,5.93363094329834,0.09556926786899567,80.17619121074677,665.7623823955655,17056.956305742264,nan,nan,nan
566000,5.88524866104126,0.04783891141414642,80.23067438602448,666.030598461628,17077.348337888718,nan,nan,nan
567000,5.911378383636475,0.04838253930211067,80.28481268882751,666.2857634332031,17097.789890289307,nan,nan,nan
568000,5.8862481117248535,0.05176640674471855,80.35604226589203,666.5713380984962,17119.539566516876,nan,nan,nan
569000,5.922492980957031,0.043844353407621384,80.43137907981873,666.8135547135025,17140.419879198074,nan,nan,nan
570000,5.902298927307129,0.03957485780119896,80.49609112739563,667.0507156122476,17160.91017794609,nan,nan,nan
571000,5.892221450805664,0.08560112863779068,80.56446158885956,667.3191852383316,17181.417936563492,nan,nan,nan
572000,5.879848480224609,0.10218928009271622,80.6180864572525,667.621654028073,17201.820557117462,nan,nan,nan
573000,5.913016319274902,0.05694614723324776,80.68000102043152,667.92158697173,17222.33504843712,nan,nan,nan
574000,11.127047538757324,0.011232155375182629,80.72977113723755,668.1227192468941,17242.852941274643,nan,nan,nan
575000,5.928654670715332,0.040187638252973557,80.78344750404358,668.3871356099844,17263.2740046978,nan,nan,nan
576000,5.909224033355713,0.0847797766327858,80.86038100719452,668.6110753957182,17283.787083148956,nan,nan,nan
577000,5.9068732261657715,0.0818038210272789,80.91158139705658,668.8290868289769,17304.340929746628,nan,nan,nan
578000,5.857431411743164,0.04815654456615448,80.9790289402008,669.0947997011244,17325.254222869873,nan,nan,nan
579000,5.8997931480407715,0.059184372425079346,81.04606461524963,669.3694765754044,17347.779384613037,nan,nan,nan
580000,5.906404495239258,0.04994357004761696,81.11641347408295,669.6072500441223,17555.403477191925,13.22974476260868,22.0,1000.0
581000,5.876405239105225,0.07805436104536057,81.17290806770325,669.854982169345,17575.779447317123,nan,nan,nan
582000,5.904947757720947,0.06755132228136063,81.22899281978607,670.1274397540838,17596.003839969635,nan,nan,nan
583000,5.934237003326416,0.0878911241889,81.27905738353729,670.3821183275431,17616.397408008575,nan,nan,nan
584000,5.998207092285156,0.08824818581342697,81.3405351638794,670.6109878476709,17636.79514813423,nan,nan,nan
585000,5.905544281005859,0.07632087171077728,81.39748668670654,670.8720463197678,17657.114665985107,nan,nan,nan
586000,5.901811599731445,0.06034821271896362,81.45943915843964,671.0707218237221,17677.48991203308,nan,nan,nan
587000,5.937815189361572,0.052913036197423935,81.51024580001831,671.303504537791,17697.880651950836,nan,nan,nan
588000,5.917628765106201,0.07517725229263306,81.559450507164,671.5830146633089,17718.44755578041,nan,nan,nan
589000,5.9137139320373535,0.07352744787931442,81.61723530292511,671.8254084587097,17738.81857252121,nan,nan,nan
590000,5.897740840911865,0.08852358907461166,81.68850123882294,672.0863575357944,17759.215282201767,nan,nan,nan
591000,5.892370223999023,0.045742735266685486,81.73204529285431,672.3070836663246,17779.70019030571,nan,nan,nan
592000,5.885462760925293,0.10998763889074326,81.79031801223755,672.5354869123548,17801.264720201492,nan,nan,nan
593000,5.905905246734619,0.03314201906323433,81.85660219192505,672.7773801758885,17823.333998203278,nan,nan,nan
594000,5.950300693511963,0.08392836898565292,81.90447950363159,672.988209636882,17845.26891684532,nan,nan,nan
595000,5.923623085021973,0.0656396672129631,81.95658314228058,673.2590377833694,17867.33265519142,nan,nan,nan
596000,5.965862274169922,0.04207339137792587,82.01565253734589,673.5022111721337,17889.408879756927,nan,nan,nan
597000,5.872438430786133,0.06397535651922226,82.07355988025665,673.7430494241416,17911.633663892746,nan,nan,nan
598000,5.912071228027344,0.05033080652356148,82.13096535205841,674.0351247899234,17932.58478283882,nan,nan,nan
599000,5.926440238952637,0.05034927651286125,82.1815904378891,674.2697569113225,17953.712370157242,nan,nan,nan
600000,5.929786682128906,0.02907853201031685,82.23275637626648,674.4921319242567,18155.60262823105,17.581829664979058,13.0,1000.0
601000,5.912083148956299,0.07452958077192307,82.2938984632492,674.7577142249793,18176.434095144272,nan,nan,nan
602000,6.896038055419922,0.038099825382232666,82.3493721485138,675.0265635084361,18196.9483191967,nan,nan,nan
603000,6.124147415161133,0.08118580281734467,82.41288375854492,675.2646760717034,18217.51485323906,nan,nan,nan
604000,5.912904262542725,0.049326758831739426,82.46168613433838,675.4756628237665,18237.98189520836,nan,nan,nan
605000,5.882120609283447,0.08771023899316788,82.52114009857178,675.7234500404447,18258.956825494766,nan,nan,nan
606000,5.897075653076172,0.06270748376846313,82.56453847885132,675.9828411303461,18280.9758746624,nan,nan,nan
607000,5.916958808898926,0.07621537894010544,82.61802744865417,676.2305157352239,18302.94660925865,nan,nan,nan
608000,5.92568302154541,0.06347130984067917,82.67144846916199,676.4586264844984,18325.39764046669,nan,nan,nan
609000,5.903013706207275,0.03931114077568054,82.72539758682251,676.6872214600444,18347.561844825745,nan,nan,nan
610000,5.920228004455566,0.06530827283859253,82.77906429767609,676.9571367911994,18369.503784656525,nan,nan,nan
611000,5.919261932373047,0.07526244968175888,82.85182118415833,677.2169997189194,18391.52912259102,nan,nan,nan
612000,6.097721576690674,0.06470153480768204,82.92381942272186,677.4442655127496,18413.535746097565,nan,nan,nan
613000,5.9536662101745605,0.0636562630534172,82.99014842510223,677.6847755238414,18433.996077537537,nan,nan,nan
614000,6.534238815307617,0.037512872368097305,83.04544925689697,677.950465830043,18454.368812561035,nan,nan,nan
615000,5.952583312988281,0.0507018156349659,83.09412217140198,678.1550842318684,18474.80894589424,nan,nan,nan
616000,5.8789777755737305,0.06167023256421089,83.14012014865875,678.409501504153,18495.183269500732,nan,nan,nan
617000,5.905339241027832,0.0811992809176445,83.20322716236115,678.670728104189,18515.767975091934,nan,nan,nan
618000,5.905925750732422,0.08226530253887177,83.2607010602951,678.8622675035149,18536.109902858734,nan,nan,nan
619000,5.920718193054199,0.028297623619437218,83.31240177154541,679.0951332356781,18555.584606409073,nan,nan,nan
620000,5.915583610534668,0.0598967969417572,83.37103307247162,679.3135113622993,18763.45250582695,17.4912098778666,8.666666666666666,1000.0
621000,5.950991153717041,0.043035540729761124,83.43101871013641,679.565177442506,18786.17044687271,nan,nan,nan
622000,6.228743553161621,0.0855722650885582,83.47803378105164,679.8323819879442,18808.242251873016,nan,nan,nan
623000,5.907862186431885,0.06381948292255402,83.53533983230591,680.0557412020862,18830.259333848953,nan,nan,nan
624000,5.927875518798828,0.0731830969452858,83.58412432670593,680.2519572954625,18852.269463539124,nan,nan,nan
625000,5.900139331817627,0.0806383267045021,83.63715279102325,680.4908884372562,18874.4895362854,nan,nan,nan
626000,5.963850975036621,0.07753061503171921,83.68679928779602,680.73047279194,18896.539191007614,nan,nan,nan
627000,5.885516166687012,0.05852320417761803,83.75447797775269,680.9592186827213,18918.029111623764,nan,nan,nan
628000,5.886760234832764,0.05019351840019226,83.8034017086029,681.21227520518,18938.739592552185,nan,nan,nan
629000,5.872790336608887,0.03980865702033043,83.86508119106293,681.4713013079017,18959.210413455963,nan,nan,nan
630000,5.922399520874023,0.08207201957702637,83.9176549911499,681.6351954396814,18979.49457550049,nan,nan,nan
631000,5.9362568855285645,0.05524880811572075,83.98505508899689,681.9186858050525,18999.84665441513,nan,nan,nan
632000,5.959071636199951,0.08679280430078506,84.025927901268,682.0857337843627,19019.36233305931,nan,nan,nan
633000,5.903298854827881,0.09444975107908249,84.07905089855194,682.3157528489828,19038.959928750992,nan,nan,nan
634000,5.973439693450928,0.07881099730730057,84.13636922836304,682.6014778651297,19058.4409365654,nan,nan,nan
635000,5.907183647155762,0.07390747219324112,84.18827700614929,682.8250173721462,19077.822291135788,nan,nan,nan
636000,5.879764556884766,0.05604952573776245,84.2518401145935,683.0743330866098,19097.484397888184,nan,nan,nan
637000,5.869373321533203,0.05327317863702774,84.31242966651917,683.2892370577902,19118.08874821663,nan,nan,nan
638000,5.911825656890869,0.04228297248482704,84.36074113845825,683.495615420863,19138.423179388046,nan,nan,nan
639000,6.021426677703857,0.05206571891903877,84.42475640773773,683.7535958196968,19158.81502342224,nan,nan,nan
640000,5.895800590515137,0.03819585591554642,84.49053478240967,683.9504465144128,19377.78240942955,20.900642194058833,24.0,1000.0
641000,5.879354000091553,0.08905703574419022,84.55707895755768,684.1701832208782,19400.17577815056,nan,nan,nan
642000,5.926809310913086,0.049291934818029404,84.62149906158447,684.455881876871,19420.77703475952,nan,nan,nan
643000,5.933927536010742,0.06478657573461533,84.68305277824402,684.6810104548931,19441.167496919632,nan,nan,nan
644000,5.979382514953613,0.04874479025602341,84.73755502700806,684.8579750526696,19461.5885117054,nan,nan,nan
645000,6.045362949371338,0.05004182085394859,84.79152369499207,685.1027690749615,19481.18714737892,nan,nan,nan
646000,5.888776779174805,0.06730027496814728,84.84918689727783,685.3365311939269,19500.39849114418,nan,nan,nan
647000,5.945068359375,0.07808025926351547,84.89755773544312,685.5729779340327,19520.131338119507,nan,nan,nan
648000,5.9109625816345215,0.09780703485012054,84.95900523662567,685.80014436692,19539.33945298195,nan,nan,nan
649000,5.8903937339782715,0.049043502658605576,85.01894152164459,686.0699777398258,19558.85626935959,nan,nan,nan
650000,5.928256988525391,0.07452749460935593,85.07882583141327,686.2791269905865,19578.38356113434,nan,nan,nan
651000,5.902813911437988,0.05034724995493889,85.12817013263702,686.5112578701228,19598.40614914894,nan,nan,nan
652000,5.915233135223389,0.054562170058488846,85.18549716472626,686.7489562947303,19618.885438919067,nan,nan,nan
653000,5.944290637969971,0.045237891376018524,85.24385333061218,686.9182916730642,19639.44420313835,nan,nan,nan
654000,5.8693695068359375,0.07584067434072495,85.30402338504791,687.2002168279141,19660.692500829697,nan,nan,nan
655000,6.086803436279297,0.06087450310587883,85.3489009141922,687.4328014869243,19682.95326757431,nan,nan,nan
656000,5.89227294921875,0.05989285930991173,85.41680657863617,687.6205581873655,19705.4302008152,nan,nan,nan
657000,5.93829870223999,0.04664616659283638,85.4660210609436,687.8505601510406,19728.061958789825,nan,nan,nan
658000,5.913867950439453,0.036988209933042526,85.52068161964417,688.0573905240744,19750.812084197998,nan,nan,nan
659000,5.880667209625244,0.029655927792191505,85.57515287399292,688.2700575161725,19773.34575653076,nan,nan,nan
660000,5.918577671051025,0.0547063834965229,85.63109493255615,688.539209548384,19983.5478451252,13.044967474793749,33.666666666666664,1000.0
661000,5.869548797607422,0.13340115547180176,85.68368530273438,688.7462259195745,20003.116620779037,nan,nan,nan
662000,5.885815143585205,0.049400147050619125,85.73450410366058,688.9886020943522,20022.589119672775,nan,nan,nan
663000,7.075704574584961,0.018451083451509476,85.79307663440704,689.172180660069,20042.208426713943,nan,nan,nan
664000,5.937740802764893,0.12094863504171371,85.84637939929962,689.4147889949381,20061.73074054718,nan,nan,nan
665000,5.895366668701172,0.0924527570605278,85.90235352516174,689.5869821887463,20081.441529750824,nan,nan,nan
666000,6.117003440856934,0.06443270295858383,85.9595673084259,689.8208655845374,20101.877393722534,nan,nan,nan
667000,5.897539138793945,0.0663820430636406,86.005890250206,690.0400435496122,20123.010206460953,nan,nan,nan
668000,5.898054122924805,0.038381993770599365,86.07191181182861,690.2824791055173,20145.078506708145,nan,nan,nan
669000,5.895237922668457,0.05217127874493599,86.12973499298096,690.5233341734856,20167.227982997894,nan,nan,nan
670000,5.868739128112793,0.07432974129915237,86.20068740844727,690.7732054889202,20189.306208133698,nan,nan,nan
671000,5.887274265289307,0.07025011628866196,86.25229239463806,690.9382487945259,20211.44523859024,nan,nan,nan
672000,5.900990962982178,0.05749320983886719,86.30437064170837,691.2017148751765,20233.41727733612,nan,nan,nan
673000,5.903038024902344,0.0630015954375267,86.34797954559326,691.4234541188926,20255.43741416931,nan,nan,nan
674000,5.901318073272705,0.04569100961089134,86.41178381443024,691.6238707732409,20277.676953554153,nan,nan,nan
675000,5.8955793380737305,0.12851455807685852,86.4686713218689,691.8132477086037,20300.199504613876,nan,nan,nan
676000,5.910256385803223,0.045777272433042526,86.518718957901,692.0685373451561,20322.58179473877,nan,nan,nan
677000,5.881311416625977,0.07850100845098495,86.56470501422882,692.2730408385396,20345.1025557518,nan,nan,nan
678000,5.888528347015381,0.051787424832582474,86.6193345785141,692.5083966385573,20367.526977300644,nan,nan,nan
679000,5.907665729522705,0.05494887754321098,86.66907477378845,692.7078712806106,20389.510699748993,nan,nan,nan
680000,5.890082359313965,0.07123042643070221,86.72324120998383,692.963507566601,20582.43596482277,17.01158547905099,22.333333333333332,1000.0
681000,5.884902477264404,0.06078570708632469,86.7779848575592,693.1890553757548,20604.45162987709,nan,nan,nan
682000,5.884193420410156,0.05418376997113228,86.8218241930008,693.4343319050968,20626.45261502266,nan,nan,nan
683000,5.878592491149902,0.054121233522892,86.874342918396,693.7072915975004,20648.53693962097,nan,nan,nan
684000,5.954860687255859,0.049358922988176346,86.91604018211365,693.8781826086342,20670.62396478653,nan,nan,nan
685000,5.8927717208862305,0.04637209326028824,86.97530627250671,694.0852227080613,20692.65984249115,nan,nan,nan
686000,5.861874580383301,0.05123103782534599,87.03390979766846,694.3159701582044,20714.668499708176,nan,nan,nan
687000,5.910931587219238,0.0746803805232048,87.07949769496918,694.5022207256407,20736.680376291275,nan,nan,nan
688000,5.89382791519165,0.055976878851652145,87.1316397190094,694.7159857824445,20758.692546606064,nan,nan,nan
689000,5.897430896759033,0.12030670791864395,87.20328569412231,694.9466760791838,20781.266840219498,nan,nan,nan
690000,5.870596408843994,0.08657800406217575,87.2626279592514,695.1649816837162,20803.50501894951,nan,nan,nan
691000,5.898604393005371,0.04786574840545654,87.32460725307465,695.358256611973,20825.57953763008,nan,nan,nan
692000,5.906041622161865,0.11539583653211594,87.37555766105652,695.5833198837936,20847.685173273087,nan,nan,nan
693000,5.9267072677612305,0.040855180472135544,87.43882286548615,695.803960505873,20869.060764551163,nan,nan,nan
694000,5.919466018676758,0.03029806725680828,87.4762293100357,696.0122440587729,20889.54457306862,nan,nan,nan
695000,5.894049644470215,0.12854169309139252,87.52595841884613,696.200676990673,20909.368946313858,nan,nan,nan
696000,5.921877384185791,0.053002774715423584,87.58622753620148,696.396854614839,20928.395305156708,nan,nan,nan
697000,5.9105424880981445,0.08896204829216003,87.637948513031,696.6418927963823,20947.868663072586,nan,nan,nan
698000,5.935063362121582,0.05211515352129936,87.69853103160858,696.8400534912944,20967.551707029343,nan,nan,nan
699000,5.938405513763428,0.09294400364160538,87.76022779941559,697.0449852962047,20986.976626634598,nan,nan,nan
700000,5.9302659034729,0.07343373447656631,87.81216263771057,697.2882562670857,21171.65078473091,17.59230793005459,11.333333333333334,1000.0
701000,5.919682025909424,0.06631278246641159,87.86124920845032,697.500943120569,21190.141246795654,nan,nan,nan
702000,5.924154758453369,0.04740289971232414,87.91195738315582,697.7247650101781,21208.2973549366,nan,nan,nan
703000,5.884698867797852,0.05690392479300499,87.96706819534302,697.9111456796527,21226.11855363846,nan,nan,nan
704000,19.047874450683594,0.0022673411294817924,88.0196328163147,698.0858020670712,21244.30023956299,nan,nan,nan
705000,8.934466361999512,0.0023199368733912706,88.07615029811859,698.3025129176676,21262.58539748192,nan,nan,nan
706000,5.93584680557251,0.04544955492019653,88.11617350578308,698.5677935667336,21281.07780313492,nan,nan,nan
707000,5.8848090171813965,0.03432377800345421,88.17518329620361,698.788534488529,21299.744124174118,nan,nan,nan
708000,5.948821544647217,0.037489570677280426,88.22208952903748,699.0208149291575,21317.931307315826,nan,nan,nan
709000,5.889649868011475,0.040585003793239594,88.27793896198273,699.2379568908364,21336.268741846085,nan,nan,nan
710000,5.904367923736572,0.03588638827204704,88.34697306156158,699.4339974168688,21354.209916114807,nan,nan,nan
711000,5.891537189483643,0.05517268180847168,88.39923286437988,699.6430812831968,21371.356780290604,nan,nan,nan
712000,5.854029178619385,0.061174359172582626,88.44925057888031,699.8888299539685,21388.555274248123,nan,nan,nan
713000,5.894695281982422,0.03944866731762886,88.49470794200897,700.1018546335399,21405.872817516327,nan,nan,nan
714000,5.8896050453186035,0.036433737725019455,88.54583775997162,700.318691842258,21423.043074131012,nan,nan,nan
715000,6.416697978973389,0.031666118651628494,88.60137569904327,700.552976557985,21440.327836036682,nan,nan,nan
716000,5.906320571899414,0.029782552272081375,88.65931475162506,700.7553290314972,21457.538233280182,nan,nan,nan
717000,5.854889392852783,0.04196752980351448,88.71653401851654,700.9660276751965,21474.529302597046,nan,nan,nan
718000,5.919557571411133,0.045195382088422775,88.77659451961517,701.1837652847171,21491.671964645386,nan,nan,nan
719000,5.8386735916137695,0.06338943541049957,88.82501471042633,701.3635829798877,21505.45344185829,nan,nan,nan
720000,5.895404815673828,0.07666424661874771,88.88178515434265,701.5985816735774,21662.05092048645,15.57313917930272,6.0,1000.0
721000,5.911647319793701,0.042892929166555405,88.91921436786652,701.8059944417328,21680.452588558197,nan,nan,nan
722000,5.883978843688965,0.038811709731817245,88.96081721782684,701.9683856740594,21698.732620239258,nan,nan,nan
723000,5.917642593383789,0.05049557611346245,89.00341844558716,702.1686094477773,21716.56992173195,nan,nan,nan
724000,5.848572254180908,0.050985921174287796,89.05127465724945,702.3845867849886,21734.363350391388,nan,nan,nan
725000,5.894948482513428,0.050290774554014206,89.1038988828659,702.5989995207638,21752.163668632507,nan,nan,nan
726000,5.914210319519043,0.052558332681655884,89.15653240680695,702.79426952824,21770.266674280167,nan,nan,nan
727000,6.147196292877197,0.0472257100045681,89.20442426204681,703.0131554119289,21788.056625127792,nan,nan,nan
728000,5.918696403503418,0.07945922762155533,89.25538146495819,703.2496875915676,21805.339959859848,nan,nan,nan
729000,5.871027946472168,0.042876049876213074,89.30856251716614,703.4580838289112,21822.64323401451,nan,nan,nan
730000,5.897778034210205,0.0794949159026146,89.35896039009094,703.6481126863509,21839.85214447975,nan,nan,nan
731000,5.866654872894287,0.05743936821818352,89.41568768024445,703.8574501965195,21857.254979133606,nan,nan,nan
732000,5.87697172164917,0.0571773461997509,89.4692497253418,704.0907158497721,21874.680175304413,nan,nan,nan
733000,5.894965171813965,0.09501028805971146,89.53220736980438,704.2780754063278,21891.73788547516,nan,nan,nan
734000,5.926910877227783,0.04857243597507477,89.58730828762054,704.4362728986889,21909.03323507309,nan,nan,nan
735000,5.910465717315674,0.06550876796245575,89.64475345611572,704.6537758614868,21926.361565828323,nan,nan,nan
736000,5.86694860458374,0.06162151321768761,89.69580817222595,704.8683710601181,21943.724143981934,nan,nan,nan
737000,5.88327693939209,0.03142937272787094,89.75488328933716,705.10381115973,21962.152362585068,nan,nan,nan
738000,5.8885016441345215,0.05538622662425041,89.81285452842712,705.3353603873402,21980.70730829239,nan,nan,nan
739000,5.8854756355285645,0.06499245017766953,89.86739695072174,705.559447331354,21998.9703040123,nan,nan,nan
740000,5.891222953796387,0.08192028105258942,89.91838908195496,705.7649483382702,22181.745037555695,9.976467789129366,7.666666666666667,1000.0
741000,5.888023853302002,0.046910692006349564,89.97807049751282,705.9690034203231,22200.461418390274,nan,nan,nan
742000,5.8775105476379395,0.031191572546958923,90.02319884300232,706.2166194785386,22218.69599199295,nan,nan,nan
743000,5.94779109954834,0.03087853454053402,90.06733334064484,706.3463715706021,22236.238489866257,nan,nan,nan
744000,5.88455867767334,0.047540098428726196,90.11453020572662,706.5960375461727,22253.619118452072,nan,nan,nan
745000,6.24955940246582,0.7941864132881165,90.17567300796509,706.7854549139738,22271.005304813385,nan,nan,nan
746000,8.42732048034668,0.004387665074318647,90.21827757358551,707.012083703652,22287.89471387863,nan,nan,nan
747000,5.942200660705566,0.0550399087369442,90.27237379550934,707.182422908023,22305.131937742233,nan,nan,nan
748000,5.875336647033691,0.08497748523950577,90.33083498477936,707.3782902341336,22322.41896390915,nan,nan,nan
749000,5.889542102813721,0.060165196657180786,90.38174164295197,707.6002084072679,22339.51421189308,nan,nan,nan
750000,5.8832244873046875,0.05203024297952652,90.42785060405731,707.7627268899232,22356.8615899086,nan,nan,nan
751000,5.903549671173096,0.02636205032467842,90.47762179374695,707.9157663565129,22374.01225399971,nan,nan,nan
752000,5.872698783874512,0.05553857237100601,90.51336538791656,708.1434967610985,22391.165027856827,nan,nan,nan
753000,5.864131927490234,0.04121003299951553,90.55911481380463,708.3536651227623,22409.61913704872,nan,nan,nan
754000,6.017887592315674,0.0400640070438385,90.61037921905518,708.530014231801,22428.166566848755,nan,nan,nan
755000,5.883559703826904,0.05348040536046028,90.66155755519867,708.7270141877234,22446.50060892105,nan,nan,nan
756000,5.878720760345459,0.0760345458984375,90.71321451663971,708.9480232894421,22464.8290207386,nan,nan,nan
757000,6.21766471862793,0.023917822167277336,90.7720195055008,709.1499194465578,22483.30624461174,nan,nan,nan
758000,5.8957672119140625,0.033464979380369186,90.82261896133423,709.3829857651144,22501.370337486267,nan,nan,nan
759000,8.167634963989258,0.009171794168651104,90.86679649353027,709.6051547713578,22519.941459178925,nan,nan,nan
760000,5.9113383293151855,0.04403068125247955,90.91565835475922,709.7895348705351,22701.646291017532,14.456662994259082,14.666666666666666,1000.0
761000,5.883117198944092,0.04993097856640816,90.96618938446045,709.9731801375747,22719.001580953598,nan,nan,nan
762000,5.900712490081787,0.09330067783594131,91.02023088932037,710.1527636069804,22736.385267019272,nan,nan,nan
763000,5.851288795471191,0.08353880792856216,91.05548930168152,710.3731941785663,22753.895277023315,nan,nan,nan
764000,5.895103931427002,0.05096245929598808,91.10771441459656,710.5842614751309,22771.23528265953,nan,nan,nan
765000,5.906163692474365,0.04794682562351227,91.16685974597931,710.7910673059523,22788.359497070312,nan,nan,nan
766000,11.54368782043457,0.0017055731732398272,91.21565175056458,710.9955320190638,22805.615186214447,nan,nan,nan
767000,5.893512725830078,0.04420962184667587,91.26428806781769,711.2120905611664,22822.964481830597,nan,nan,nan
768000,10.136157989501953,0.0011180219007655978,91.31887531280518,711.4201971627772,22839.728707551956,nan,nan,nan
769000,5.879726886749268,0.091942198574543,91.37559366226196,711.6301443073899,22853.475531816483,nan,nan,nan
770000,5.869854927062988,0.03758816048502922,91.4176094532013,711.8322842977941,22867.308484315872,nan,nan,nan
771000,6.028233051300049,0.04621635004878044,91.47197473049164,711.9885461702943,22881.069764375687,nan,nan,nan
772000,5.885741710662842,0.057745397090911865,91.51791000366211,712.1970072519034,22894.78855228424,nan,nan,nan
773000,5.911618232727051,0.030766362324357033,91.57292258739471,712.4111553505063,22908.47822523117,nan,nan,nan
774000,5.874599456787109,0.07183042913675308,91.61505222320557,712.6230064742267,22921.950345993042,nan,nan,nan
775000,7.368468761444092,0.023238664492964745,91.66935014724731,712.8683891482651,22935.915172100067,nan,nan,nan
776000,5.915642261505127,0.06781987845897675,91.71737611293793,713.0744073484093,22950.098669290543,nan,nan,nan
777000,5.903618812561035,0.09164156019687653,91.76551532745361,713.2499647960067,22963.836454629898,nan,nan,nan
778000,5.858585357666016,0.057875391095876694,91.82254719734192,713.4068022836,22978.127153158188,nan,nan,nan
779000,5.902469635009766,0.11840980499982834,91.87964677810669,713.6125428639352,22992.620914697647,nan,nan,nan
780000,5.94934606552124,0.08183804154396057,91.93210625648499,713.7748907525092,23166.810037136078,20.99488975130375,28.0,1000.0
781000,5.852161884307861,0.030805010348558426,91.98277580738068,713.9723346270621,23181.44643998146,nan,nan,nan
782000,5.935044288635254,0.06217886134982109,92.04649221897125,714.221437195316,23196.782861948013,nan,nan,nan
783000,7.991106986999512,0.04004506766796112,92.09666430950165,714.4015356320888,23210.52737736702,nan,nan,nan
784000,5.922813892364502,0.04666900262236595,92.14386653900146,714.6134431343526,23224.250220775604,nan,nan,nan
785000,5.874884128570557,0.05340301990509033,92.19660782814026,714.8176252376288,23238.3582341671,nan,nan,nan
786000,5.866476058959961,0.047138046473264694,92.24828445911407,714.9961099661887,23251.919226884842,nan,nan,nan
787000,5.900625705718994,0.055438101291656494,92.30420672893524,715.2209414411336,23265.881175279617,nan,nan,nan
788000,5.9094557762146,0.07026170939207077,92.35892939567566,715.37977986224,23279.618577241898,nan,nan,nan
789000,5.863061428070068,0.05235842615365982,92.39665949344635,715.5932963769883,23293.740853071213,nan,nan,nan
790000,9.078036308288574,0.0021600082982331514,92.4333530664444,715.7911357954144,23307.675236225128,nan,nan,nan
791000,5.891295433044434,0.03375881910324097,92.48865127563477,716.0136075485498,23321.630400657654,nan,nan,nan
792000,5.93214225769043,0.06324233114719391,92.5442076921463,716.2168857976794,23335.415869951248,nan,nan,nan
793000,5.951478481292725,0.035573624074459076,92.59689450263977,716.43444288522,23349.161288499832,nan,nan,nan
794000,5.888436794281006,0.047622326761484146,92.63704442977905,716.6778061483055,23363.371982336044,nan,nan,nan
795000,5.858399391174316,0.05810986086726189,92.69461619853973,716.8540407195687,23378.147008895874,nan,nan,nan
796000,5.892211437225342,0.10179439932107925,92.74160897731781,717.0597946755588,23392.62681531906,nan,nan,nan
797000,5.928177356719971,0.0539667122066021,92.79400825500488,717.2324077170342,23406.372307300568,nan,nan,nan
798000,5.914766311645508,0.0803287997841835,92.84256732463837,717.3989615421742,23420.182497024536,nan,nan,nan
799000,5.8839497566223145,0.043387025594711304,92.89381015300751,717.6192657891661,23433.92290186882,nan,nan,nan
800000,5.901976585388184,0.035784799605607986,92.95579361915588,717.7842043358833,23607.016437530518,16.192707666714522,14.0,1000.0
801000,5.900030136108398,0.061212290078401566,92.99760782718658,717.9878404643387,23621.604105234146,nan,nan,nan
802000,5.933463096618652,0.05690954998135567,93.06113231182098,718.1993402224034,23636.401909828186,nan,nan,nan
803000,8.75660514831543,0.006521131377667189,93.09444391727448,718.3827259745449,23650.554817676544,nan,nan,nan
804000,5.895957946777344,0.0609225295484066,93.14933359622955,718.6174623072147,23664.292402744293,nan,nan,nan
805000,5.8936448097229,0.04090419411659241,93.20473623275757,718.786213086918,23678.035682201385,nan,nan,nan
806000,5.844638824462891,0.08868897706270218,93.25641763210297,718.9441774394363,23691.749852657318,nan,nan,nan
807000,5.921411037445068,0.052740998566150665,93.3009260892868,719.1101881340146,23705.639693021774,nan,nan,nan
808000,5.89896297454834,0.025734035298228264,93.35466706752777,719.3054090645164,23719.595776319504,nan,nan,nan
809000,5.864885330200195,0.07587413489818573,93.41100811958313,719.5368037912995,23733.726675271988,nan,nan,nan
810000,5.854542255401611,0.05406931787729263,93.46418941020966,719.7288496922702,23748.12522816658,nan,nan,nan
811000,5.8855881690979,0.02659916691482067,93.51326084136963,719.9110682178289,23762.39303469658,nan,nan,nan
812000,5.8752264976501465,0.09481813758611679,93.55248892307281,720.0791411641985,23776.111041545868,nan,nan,nan
813000,5.932582378387451,0.06041351705789566,93.60261273384094,720.250401802361,23789.856280565262,nan,nan,nan
814000,5.89667272567749,0.06200222298502922,93.64825320243835,720.4136849530041,23803.83819746971,nan,nan,nan
815000,5.916190147399902,0.050025809556245804,93.68866002559662,720.6212832760066,23817.627470731735,nan,nan,nan
816000,5.8848676681518555,0.04720407351851463,93.74618852138519,720.7682439293712,23831.375983715057,nan,nan,nan
817000,5.90346097946167,0.0322297103703022,93.79199397563934,721.0566107239574,23845.186598062515,nan,nan,nan
818000,5.855656147003174,0.052779752761125565,93.84917783737183,721.1785374768078,23858.966378211975,nan,nan,nan
819000,5.846933841705322,0.06428957730531693,93.90214431285858,721.3709968179464,23872.734529733658,nan,nan,nan
820000,5.864022731781006,0.03432777523994446,93.9524542093277,721.5359595231712,24045.62761735916,17.3971200474807,30.666666666666668,1000.0
821000,6.502510070800781,0.03237337991595268,93.99520146846771,721.7293082829565,24059.765013456345,nan,nan,nan
822000,5.851456165313721,0.07981015741825104,94.04875552654266,721.9271610658616,24073.485691547394,nan,nan,nan
823000,5.848632335662842,0.044667936861515045,94.1072827577591,722.1835343800485,24087.24303340912,nan,nan,nan
824000,5.919488430023193,0.05375690385699272,94.15470683574677,722.3445879388601,24100.978568553925,nan,nan,nan
825000,5.878719329833984,0.07931583374738693,94.20350313186646,722.5270794443786,24114.72696685791,nan,nan,nan
826000,5.877990245819092,0.03979350998997688,94.25719511508942,722.7319953162223,24128.450146198273,nan,nan,nan
827000,5.877495288848877,0.0591333769261837,94.30156350135803,722.8789895717055,24142.242909908295,nan,nan,nan
828000,5.875858306884766,0.04740693047642708,94.35379779338837,723.0599470492452,24156.757402420044,nan,nan,nan
829000,5.874089241027832,0.04442982003092766,94.4089423418045,723.3127840012312,24171.371990919113,nan,nan,nan
830000,5.840754508972168,0.04128168523311615,94.44527816772461,723.5026617441326,24185.491161584854,nan,nan,nan
831000,5.892838478088379,0.09674644470214844,94.50278043746948,723.6538661997765,24199.289697408676,nan,nan,nan
832000,5.8927836418151855,0.03364167362451553,94.55784702301025,723.8704519290477,24213.004915237427,nan,nan,nan
833000,5.911571979522705,0.05137941986322403,94.59315526485443,724.0481240786612,24227.638016700745,nan,nan,nan
834000,5.957284450531006,0.06853963434696198,94.65504693984985,724.2293696831912,24242.435922384262,nan,nan,nan
835000,5.839718341827393,0.03298233076930046,94.69643974304199,724.4483051970601,24256.856654405594,nan,nan,nan
836000,5.863924026489258,0.04861089587211609,94.7501779794693,724.67469827272,24270.576095104218,nan,nan,nan
837000,5.8671417236328125,0.045773427933454514,94.80742406845093,724.8178375549614,24284.32170701027,nan,nan,nan
838000,5.8869733810424805,0.08718850463628769,94.8597502708435,725.0770023856312,24298.036564350128,nan,nan,nan
839000,5.912001132965088,0.04367678239941597,94.90493309497833,725.2427637856454,24312.61281323433,nan,nan,nan
840000,8.1909761428833,0.014531261287629604,94.94536745548248,725.4408528804779,24487.178427934647,16.84353881898088,0.0,1000.0
841000,7.952943325042725,0.004995772149413824,95.00954329967499,725.640446068719,24501.26269006729,nan,nan,nan
842000,5.907301425933838,0.06131652742624283,95.07166516780853,725.8130199834704,24514.969188928604,nan,nan,nan
843000,5.886968612670898,0.05275796726346016,95.12502408027649,725.9983124732971,24528.838817358017,nan,nan,nan
844000,5.929308891296387,0.035803597420454025,95.17125260829926,726.1638035811484,24542.55030298233,nan,nan,nan
845000,27.235549926757812,0.00018005863239523023,95.21966338157654,726.3475102316588,24556.317969083786,nan,nan,nan
846000,5.88143253326416,0.06438510864973068,95.2720673084259,726.53434352763,24569.709417819977,nan,nan,nan
847000,5.943284511566162,0.0438108816742897,95.31755459308624,726.724224274978,24583.445822954178,nan,nan,nan
848000,5.913187026977539,0.04346142336726189,95.36813879013062,726.9333868585527,24597.165229082108,nan,nan,nan
849000,5.871885299682617,0.07322882115840912,95.41660356521606,727.100468782708,24610.93714261055,nan,nan,nan
850000,5.882686614990234,0.05260453373193741,95.47669816017151,727.2973849344999,24624.784351825714,nan,nan,nan
851000,5.993607044219971,0.17056816816329956,95.52773296833038,727.4959532730281,24638.56682729721,nan,nan,nan
852000,5.897782325744629,0.038025952875614166,95.5823096036911,727.7125516403466,24652.28927540779,nan,nan,nan
853000,5.906216144561768,0.04990442469716072,95.63833332061768,727.8916362244636,24666.04690361023,nan,nan,nan
854000,5.898586750030518,0.03502906113862991,95.68646335601807,728.095736015588,24679.77391242981,nan,nan,nan
855000,5.89976692199707,0.039322253316640854,95.72696304321289,728.2515172362328,24693.527463674545,nan,nan,nan
856000,5.886485576629639,0.050162579864263535,95.78042685985565,728.4408494662493,24707.27231645584,nan,nan,nan
857000,5.892348289489746,0.08210083097219467,95.84181797504425,728.6117741428316,24721.02486205101,nan,nan,nan
858000,6.229331016540527,0.03323093056678772,95.89067196846008,728.8441575039178,24734.759123563766,nan,nan,nan
859000,5.90017557144165,0.0841979831457138,95.93715310096741,728.9993299916387,24748.561886310577,nan,nan,nan
860000,5.8621344566345215,0.05392688512802124,95.97993206977844,729.1772765927017,24921.624799728394,16.746111374643515,24.666666666666668,1000.0
861000,5.874932765960693,0.05935927852988243,96.03129267692566,729.3487150389701,24935.437875509262,nan,nan,nan
862000,5.93540096282959,0.09113182872533798,96.07947158813477,729.5587780680507,24949.30291199684,nan,nan,nan
863000,5.892116546630859,0.03299880027770996,96.12657415866852,729.7284472119063,24963.06919360161,nan,nan,nan
864000,5.875234127044678,0.0359063521027565,96.17146599292755,729.9211443085223,24976.894542455673,nan,nan,nan
865000,5.899946212768555,0.036580640822649,96.21734619140625,730.0983399841934,24990.63424730301,nan,nan,nan
866000,9.162116050720215,0.012518094852566719,96.26011121273041,730.2742560356855,25004.342706680298,nan,nan,nan
867000,8.028779983520508,0.021963726729154587,96.30161702632904,730.4806831050664,25018.100670576096,nan,nan,nan
868000,5.907591342926025,0.05224979668855667,96.34421896934509,730.6356592681259,25031.830408334732,nan,nan,nan
869000,5.869871616363525,0.03912414237856865,96.39316773414612,730.8380017504096,25045.570322036743,nan,nan,nan
870000,5.873931407928467,0.06508112698793411,96.44193863868713,731.0193569082767,25059.290585041046,nan,nan,nan
871000,5.915550708770752,0.03707331418991089,96.49871385097504,731.2146372832358,25073.050159692764,nan,nan,nan
872000,5.882567882537842,0.09264751523733139,96.54788744449615,731.3893536068499,25086.768576860428,nan,nan,nan
873000,5.861368179321289,0.041258517652750015,96.60007381439209,731.5312888752669,25100.806641340256,nan,nan,nan
874000,5.8747758865356445,0.03605174645781517,96.64634573459625,731.7608020827174,25114.91825246811,nan,nan,nan
875000,5.925506114959717,0.03815866634249687,96.69027042388916,731.9609215259552,25129.913357257843,nan,nan,nan
876000,5.893661022186279,0.05150667577981949,96.72386848926544,732.1159982345998,25143.97323346138,nan,nan,nan
877000,5.923053741455078,0.06446536630392075,96.77344644069672,732.2961772847921,25157.75814795494,nan,nan,nan
878000,5.9092278480529785,0.07594031095504761,96.8228577375412,732.5216349512339,25172.436805009842,nan,nan,nan
879000,5.888027191162109,0.03450332209467888,96.85862720012665,732.7051126267761,25186.43579673767,nan,nan,nan
880000,5.850243091583252,0.056783974170684814,96.90716338157654,732.8438433967531,25359.66515159607,12.709141146921093,16.666666666666668,1000.0
881000,9.58098316192627,0.017996730282902718,96.95241475105286,733.0751385204494,25374.14524579048,nan,nan,nan
882000,7.15066385269165,0.01964273490011692,97.00470387935638,733.2601049933583,25388.17649126053,nan,nan,nan
883000,5.886203765869141,0.05535082891583443,97.05987846851349,733.4075110591948,25403.272699594498,nan,nan,nan
884000,5.820207118988037,0.06388625502586365,97.09937810897827,733.5625868719071,25418.254476070404,nan,nan,nan
885000,6.072964668273926,0.03684862330555916,97.15972208976746,733.7555185388774,25432.402809381485,nan,nan,nan
886000,5.863234043121338,0.05297986790537834,97.20852065086365,733.9675635751337,25446.14251756668,nan,nan,nan
887000,5.820672512054443,0.048288047313690186,97.26222157478333,734.1705535445362,25459.88049340248,nan,nan,nan
888000,5.903041362762451,0.04591348394751549,97.31539011001587,734.338253442198,25473.60251235962,nan,nan,nan
889000,7.1394171714782715,0.015003934502601624,97.36937057971954,734.4921501111239,25487.344840765,nan,nan,nan
890000,5.870458126068115,0.038975682109594345,97.41057443618774,734.6829982940108,25501.06516289711,nan,nan,nan
891000,5.930646896362305,0.05500572547316551,97.46114122867584,734.8791943732649,25514.807215690613,nan,nan,nan
892000,5.885470867156982,0.05420199781656265,97.50482296943665,735.0739427469671,25528.533086538315,nan,nan,nan
893000,5.860055446624756,0.057001616805791855,97.55364525318146,735.2744955867529,25542.27351140976,nan,nan,nan
894000,5.888568878173828,0.05506639555096626,97.60631144046783,735.4301256127656,25557.08989548683,nan,nan,nan
895000,5.960907459259033,0.04788562282919884,97.65888249874115,735.6341136749834,25572.152957201004,nan,nan,nan
896000,5.880818843841553,0.04746021330356598,97.70372724533081,735.8354405425489,25585.867233276367,nan,nan,nan
897000,5.890876770019531,0.056055616587400436,97.75068879127502,735.9703650511801,25599.607998609543,nan,nan,nan
898000,5.915830135345459,0.04911121353507042,97.81088197231293,736.1485352367163,25613.485533237457,nan,nan,nan
899000,5.955395698547363,0.054171573370695114,97.85820686817169,736.3674455750734,25627.710131645203,nan,nan,nan
900000,5.921847820281982,0.06800812482833862,97.89530515670776,736.5506462417543,25801.70946621895,18.40181922884112,39.333333333333336,1000.0
901000,5.895833969116211,0.04381050914525986,97.95558083057404,736.704219320789,25816.3814702034,nan,nan,nan
902000,5.881072521209717,0.029483934864401817,98.00933623313904,736.88261738047,25830.11271047592,nan,nan,nan
903000,5.859576225280762,0.037366848438978195,98.06131184101105,737.0930029675364,25843.90448999405,nan,nan,nan
904000,8.032220840454102,0.0059786029160022736,98.10361206531525,737.2751212175936,25857.722301244736,nan,nan,nan
905000,7.07935094833374,0.019522007554769516,98.14342820644379,737.4281203299761,25871.569928646088,nan,nan,nan
906000,5.883862018585205,0.03328387439250946,98.19122982025146,737.6134805548936,25885.5128595829,nan,nan,nan
907000,5.8675312995910645,0.06598863750696182,98.23999655246735,737.7951744757593,25899.638994455338,nan,nan,nan
908000,5.868175983428955,0.06922630965709686,98.27513194084167,737.993209162727,25913.720821380615,nan,nan,nan
909000,5.878280162811279,0.06146758794784546,98.31934905052185,738.1840023770928,25927.465111255646,nan,nan,nan
910000,6.276853561401367,0.017772266641259193,98.37015354633331,738.3437654599547,25941.201110124588,nan,nan,nan
911000,5.8600311279296875,0.04710065573453903,98.43148040771484,738.5078130904585,25954.960737228394,nan,nan,nan
912000,7.779105186462402,0.019945945590734482,98.48781549930573,738.7011569552124,25969.3134765625,nan,nan,nan
913000,5.889191627502441,0.07430312782526016,98.52999651432037,738.866961972788,25983.189157247543,nan,nan,nan
914000,5.893067836761475,0.048740457743406296,98.58224141597748,739.0179408751428,25996.92929172516,nan,nan,nan
915000,5.85393762588501,0.038085490465164185,98.62749314308167,739.2216880340129,26010.6706199646,nan,nan,nan
916000,5.836644172668457,0.046339768916368484,98.67835223674774,739.3923556488007,26024.396525144577,nan,nan,nan
917000,5.857926845550537,0.05832977220416069,98.72448098659515,739.5572134498507,26038.149085998535,nan,nan,nan
918000,5.887670040130615,0.0635489672422409,98.76903736591339,739.7155216112733,26051.903228759766,nan,nan,nan
919000,5.904469013214111,0.07510348409414291,98.80788505077362,739.8976937104017,26065.662214756012,nan,nan,nan
920000,6.477368354797363,0.02529987134039402,98.86356830596924,740.0653696544468,26238.752290010452,9.79936290255212,28.666666666666668,1000.0
921000,5.894574165344238,0.057929933071136475,98.91303598880768,740.2838518507779,26252.58343720436,nan,nan,nan
922000,5.842538356781006,0.041332095861434937,98.96129381656647,740.4770819731057,26266.4348385334,nan,nan,nan
923000,5.873733997344971,0.055366259068250656,99.00741493701935,740.6638114191592,26280.18322134018,nan,nan,nan
924000,10.063864707946777,0.03028266131877899,99.05983006954193,740.869497699663,26294.047474384308,nan,nan,nan
925000,5.901472568511963,0.04071548953652382,99.10534083843231,741.0310138575733,26307.890072107315,nan,nan,nan
926000,7.133849143981934,0.026271117851138115,99.1635183095932,741.2511139381677,26321.61563396454,nan,nan,nan
927000,5.914758682250977,0.04220544174313545,99.20590424537659,741.4066498354077,26335.600474357605,nan,nan,nan
928000,5.9340009689331055,0.04552403837442398,99.25424420833588,741.6135447788984,26349.310714006424,nan,nan,nan
929000,5.840973854064941,0.05378558859229088,99.30826532840729,741.7932136598974,26363.039509773254,nan,nan,nan
930000,5.912921905517578,0.03270323947072029,99.35737121105194,741.9146163575351,26376.749872922897,nan,nan,nan
931000,5.965228080749512,0.04794242978096008,99.39789986610413,742.0984067562968,26390.486035585403,nan,nan,nan
932000,6.090930461883545,0.04325322434306145,99.44273591041565,742.3090115226805,26404.585877895355,nan,nan,nan
933000,5.863644599914551,0.052697159349918365,99.48493278026581,742.4720897749066,26418.975187301636,nan,nan,nan
934000,5.920354843139648,0.06463339179754257,99.54048562049866,742.7024497687817,26434.28674340248,nan,nan,nan
935000,5.8985090255737305,0.05539100989699364,99.59552729129791,742.874781165272,26449.296305656433,nan,nan,nan
936000,5.938310146331787,0.025619804859161377,99.63963663578033,743.0095963180065,26463.15668797493,nan,nan,nan
937000,5.906639575958252,0.0552339144051075,99.69366896152496,743.1850345134735,26476.93220281601,nan,nan,nan
938000,5.85014009475708,0.06431230157613754,99.73264694213867,743.3209148813039,26490.737031698227,nan,nan,nan
939000,5.920913219451904,0.04058979079127312,99.78347408771515,743.5069596450776,26504.99985218048,nan,nan,nan
940000,5.849329471588135,0.058538008481264114,99.83760046958923,743.6844513844699,26678.083394289017,14.142655240035374,25.0,1000.0
941000,5.830787658691406,0.025532756000757217,99.87010097503662,743.8483789116144,26691.84358406067,nan,nan,nan
942000,5.890504837036133,0.055583786219358444,99.92432236671448,744.0124209821224,26705.55591583252,nan,nan,nan
943000,5.870296955108643,0.04219220206141472,99.96537709236145,744.199441280216,26719.298985242844,nan,nan,nan
944000,5.975455284118652,0.038909584283828735,100.02378213405609,744.3847613446414,26733.011959791183,nan,nan,nan
945000,5.881877422332764,0.0723387748003006,100.0600483417511,744.5230554006994,26746.768787145615,nan,nan,nan
946000,5.8278632164001465,0.03810892626643181,100.1160352230072,744.6732501331717,26761.690824985504,nan,nan,nan
947000,5.852503299713135,0.06833455711603165,100.15307891368866,744.8302419669926,26775.84892654419,nan,nan,nan
948000,5.893739223480225,0.047476764768362045,100.19878149032593,745.0091072041541,26790.10997891426,nan,nan,nan
949000,20.16474723815918,0.002359098754823208,100.25303959846497,745.1889021992683,26803.901374578476,nan,nan,nan
950000,5.91417121887207,0.030539734289050102,100.29952049255371,745.3601180855185,26818.118366241455,nan,nan,nan
951000,5.876433849334717,0.031355660408735275,100.3495044708252,745.5584009196609,26832.03954720497,nan,nan,nan
952000,5.911506652832031,0.04747284576296806,100.39660727977753,745.73499901779,26845.77610683441,nan,nan,nan
953000,30.63734245300293,3.7397396564483643,100.43635523319244,745.9373593050987,26859.53021478653,nan,nan,nan
954000,5.9058942794799805,0.09458861500024796,100.47971439361572,746.1285093929619,26873.258692979813,nan,nan,nan
955000,6.486303806304932,0.02611994557082653,100.52550613880157,746.2889346778393,26886.706879377365,nan,nan,nan
956000,5.891965389251709,0.01808716356754303,100.56590723991394,746.4563380740583,26900.43062520027,nan,nan,nan
957000,6.00696325302124,0.047184865921735764,100.61070513725281,746.615787493065,26914.275875091553,nan,nan,nan
958000,5.882753372192383,0.05322430282831192,100.66060793399811,746.7426735647023,26927.99571442604,nan,nan,nan
959000,5.841814041137695,0.07523312419652939,100.70256757736206,746.9253952968866,26941.752532720566,nan,nan,nan
960000,8.535234451293945,0.032927416265010834,100.75141716003418,747.1233843192458,27115.182784318924,15.190699963678185,40.333333333333336,1000.0
961000,5.881321907043457,0.03311043605208397,100.7893807888031,747.2791563682258,27129.12030005455,nan,nan,nan
962000,5.921600341796875,0.04382043331861496,100.85109508037567,747.4645541142672,27143.363320350647,nan,nan,nan
963000,5.886600494384766,0.054941799491643906,100.8940258026123,747.620427204296,27157.134106874466,nan,nan,nan
964000,5.889827728271484,0.0755566880106926,100.9344836473465,747.807012014091,27171.079981565475,nan,nan,nan
965000,5.831460475921631,0.019783975556492805,100.97661054134369,748.0045679882169,27185.290633678436,nan,nan,nan
966000,5.817996978759766,0.08071235567331314,101.02337038516998,748.1444557923824,27199.054309368134,nan,nan,nan
967000,5.870737552642822,0.08639340102672577,101.07745778560638,748.3200287036598,27212.610103607178,nan,nan,nan
968000,5.8939995765686035,0.073675736784935,101.11949002742767,748.5459212306887,27226.504402399063,nan,nan,nan
969000,5.850759029388428,0.04118766635656357,101.17163550853729,748.7362092193216,27240.775690555573,nan,nan,nan
970000,5.821084499359131,0.03642081469297409,101.20900166034698,748.8686398547143,27254.577704668045,nan,nan,nan
971000,5.89355993270874,0.04805769771337509,101.25512254238129,749.0385249219835,27268.323385715485,nan,nan,nan
972000,5.867522716522217,0.0410054549574852,101.29639279842377,749.2048195060343,27282.037937879562,nan,nan,nan
973000,5.8569512367248535,0.036107346415519714,101.3354115486145,749.3276403117925,27295.78290128708,nan,nan,nan
974000,5.931341648101807,0.06351560354232788,101.37651002407074,749.5362675860524,27309.874837875366,nan,nan,nan
975000,5.815220832824707,0.03838237747550011,101.42263948917389,749.7390363439918,27323.636580228806,nan,nan,nan
976000,5.864526271820068,0.031478192657232285,101.47325003147125,749.8846250288188,27337.35665345192,nan,nan,nan
977000,5.844968795776367,0.04835393652319908,101.52828133106232,750.0571627672762,27351.092438936234,nan,nan,nan
978000,5.901717662811279,0.03369596228003502,101.59018337726593,750.2356099374592,27364.809829235077,nan,nan,nan
979000,5.889565944671631,0.06090419366955757,101.63391876220703,750.4356537293643,27378.55444765091,nan,nan,nan
980000,5.91933012008667,0.0499655157327652,101.68067848682404,750.5867143739015,27551.585386037827,20.629748680361892,8.0,1000.0
981000,5.8817267417907715,0.047220855951309204,101.71259260177612,750.7577139679343,27565.47106027603,nan,nan,nan
982000,5.830088138580322,0.048266004770994186,101.76495790481567,750.9863834604621,27580.06477022171,nan,nan,nan
983000,5.857769966125488,0.04138058051466942,101.80145740509033,751.1234622877091,27593.844047307968,nan,nan,nan
984000,5.9053192138671875,0.05985432490706444,101.8556147813797,751.3075806051493,27607.92253136635,nan,nan,nan
985000,5.843421936035156,0.06686561554670334,101.89975762367249,751.5182408895344,27622.19061779976,nan,nan,nan
986000,5.9126386642456055,0.04005355387926102,101.94414460659027,751.6930315941572,27636.00271010399,nan,nan,nan
987000,5.901491165161133,0.049418993294239044,101.99536454677582,751.8567328453064,27649.737209796906,nan,nan,nan
988000,5.878255844116211,0.054474323987960815,102.04102158546448,752.052333464846,27664.039764881134,nan,nan,nan
989000,5.8665385246276855,0.03230155631899834,102.07780849933624,752.1800210494548,27678.525801181793,nan,nan,nan
990000,5.837677478790283,0.05272991582751274,102.12951219081879,752.3620932269841,27693.35550713539,nan,nan,nan
991000,5.891804218292236,0.04834940284490585,102.17909955978394,752.4683792367578,27709.090022802353,nan,nan,nan
992000,5.857552528381348,0.03708847984671593,102.22539126873016,752.6631859615445,27724.54346036911,nan,nan,nan
993000,6.78001594543457,0.02246878109872341,102.26719915866852,752.852705674246,27738.28597521782,nan,nan,nan
994000,5.904574394226074,0.0443364642560482,102.31960892677307,753.0156718138605,27752.001502513885,nan,nan,nan
995000,5.863771438598633,0.056223005056381226,102.3686990737915,753.1208310499787,27765.746440172195,nan,nan,nan
996000,5.914609432220459,0.05099313333630562,102.4170435667038,753.3033763095737,27779.647990703583,nan,nan,nan
997000,5.812804222106934,0.05877700075507164,102.45133769512177,753.4515779167414,27793.881647586823,nan,nan,nan
998000,5.858625411987305,0.0361945703625679,102.49286496639252,753.651507858187,27808.356435775757,nan,nan,nan
999000,7.671635627746582,0.010860121808946133,102.53997588157654,753.8145742733032,27822.099170684814,nan,nan,nan
1000000,5.890560626983643,0.04711601138114929,102.5857093334198,754.0284029245377,27995.380089998245,14.261391986324156,26.666666666666668,1000.0
