Train/Step,Train/Loss/Nu,Train/Loss/Flow,Train/Norm/Critic,Train/Norm/Flow,Time/ElapsedSec,Eval/Reward,Eval/Cost,Eval/Length
0,nan,nan,nan,nan,0.0,nan,nan,nan
1000,0.0,0.31019362807273865,48.620626986026764,396.69812723994255,14.446269750595093,nan,nan,nan
2000,0.0,0.22519269585609436,48.60585790872574,402.54247057437897,29.036008834838867,nan,nan,nan
3000,0.0,0.16951130330562592,48.595745742321014,404.71186511591077,43.51453948020935,nan,nan,nan
4000,0.0,0.14375051856040955,48.585229098796844,406.0002073869109,58.093849897384644,nan,nan,nan
5000,0.0,0.1773742437362671,48.57546317577362,407.207367926836,72.66828060150146,nan,nan,nan
6000,0.0,0.2548617422580719,48.56751227378845,408.5068205408752,87.26238679885864,nan,nan,nan
7000,0.0,0.15069594979286194,48.56144565343857,409.7322317510843,101.84056329727173,nan,nan,nan
8000,0.0,0.11666456609964371,48.5538604259491,410.7948440723121,116.38192558288574,nan,nan,nan
9000,0.0,0.21335987746715546,48.54710000753403,411.9810214601457,130.93110489845276,nan,nan,nan
10000,0.0,0.26064273715019226,48.541231870651245,412.96612399071455,145.45048689842224,nan,nan,nan
11000,0.0,0.17038992047309875,48.53659826517105,413.9944562315941,160.0476894378662,nan,nan,nan
12000,0.0,0.14497920870780945,48.532908499240875,414.9568968936801,174.57514071464539,nan,nan,nan
13000,0.0,0.1993732452392578,48.529035568237305,415.80201740935445,189.17902159690857,nan,nan,nan
14000,0.0,0.160930797457695,48.5257933139801,416.7856578491628,203.7399387359619,nan,nan,nan
15000,0.0,0.16547496616840363,48.522629737854004,417.5894436240196,218.37446308135986,nan,nan,nan
16000,0.0,0.09526485204696655,48.51738029718399,418.45514749363065,232.86967587471008,nan,nan,nan
17000,0.0,0.12023954838514328,48.51461637020111,419.21936820819974,247.48113369941711,nan,nan,nan
18000,0.0,0.178028404712677,48.510940968990326,420.04577999934554,262.03465390205383,nan,nan,nan
19000,0.0,0.11034424602985382,48.5089276432991,420.7536503188312,276.55133628845215,nan,nan,nan
20000,0.0,0.1586298793554306,48.505586087703705,421.55224031955004,482.54234051704407,11.257616067475011,31.666666666666668,1000.0
21000,0.0,0.17330347001552582,48.502866327762604,422.3541957549751,497.46725821495056,nan,nan,nan
22000,0.0,0.14244450628757477,48.50090825557709,422.9505831077695,512.386116027832,nan,nan,nan
23000,0.0,0.17237213253974915,48.49699121713638,423.7496355995536,527.1224393844604,nan,nan,nan
24000,0.0,0.12331373989582062,48.49680298566818,424.30387503281236,541.7173655033112,nan,nan,nan
25000,0.0,0.19521471858024597,48.493511617183685,425.11935783550143,556.266117811203,nan,nan,nan
26000,0.0,0.13288334012031555,48.492719650268555,425.74567702412605,569.8280344009399,nan,nan,nan
27000,0.0,0.15641401708126068,48.49041265249252,426.4121260493994,583.5396509170532,nan,nan,nan
28000,0.0,0.13747580349445343,48.48835003376007,427.08005356788635,597.0796849727631,nan,nan,nan
29000,0.0,0.10072841495275497,48.4887176156044,427.6681077964604,610.6895823478699,nan,nan,nan
30000,0.0,0.12546324729919434,48.48583948612213,428.40009712055326,624.1496901512146,nan,nan,nan
31000,0.0,0.1723126918077469,48.4838085770607,429.0119814835489,637.6753571033478,nan,nan,nan
32000,0.0,0.17620210349559784,48.48248732089996,429.6123582087457,651.2899174690247,nan,nan,nan
33000,0.0,0.16408269107341766,48.481372714042664,430.26172614470124,664.9533429145813,nan,nan,nan
34000,0.0,0.13461129367351532,48.480496406555176,430.8803805038333,678.5208604335785,nan,nan,nan
35000,0.0,0.151692733168602,48.48026096820831,431.43633038923144,692.2348759174347,nan,nan,nan
36000,0.0,0.2845902144908905,48.479775965213776,432.12064084224403,705.8249225616455,nan,nan,nan
37000,0.0,0.14038848876953125,48.47959232330322,432.73590440675616,719.5638206005096,nan,nan,nan
38000,0.0,0.15068195760250092,48.479088962078094,433.26707060076296,733.3003017902374,nan,nan,nan
39000,0.0,0.10919664055109024,48.47568565607071,433.8359667453915,747.0432260036469,nan,nan,nan
40000,0.0,0.10458634048700333,48.47377419471741,434.5397411491722,934.3396694660187,16.50421363442405,22.0,1000.0
41000,0.0,0.11479723453521729,48.47424906492233,435.14609746448696,947.1358613967896,nan,nan,nan
42000,0.0,0.14001426100730896,48.4725027680397,435.7478573322296,959.8498990535736,nan,nan,nan
43000,0.0,0.13047562539577484,48.47335475683212,436.45227970555425,972.5706567764282,nan,nan,nan
44000,0.0,0.15580542385578156,48.473372399806976,436.9870110228658,985.3273601531982,nan,nan,nan
45000,0.0,0.1605825275182724,48.47492718696594,437.5341629013419,998.10950922966,nan,nan,nan
46000,0.0,0.1481694132089615,48.472999811172485,438.00129912793636,1010.7782323360443,nan,nan,nan
47000,0.0,0.08743231743574142,48.47212105989456,438.5400893613696,1023.5119380950928,nan,nan,nan
48000,0.0,0.14152400195598602,48.47093713283539,439.11075224913657,1036.7653732299805,nan,nan,nan
49000,0.0,0.1464851200580597,48.47081995010376,439.5010144021362,1050.2857568264008,nan,nan,nan
50000,0.0,0.181391641497612,48.4709170460701,440.17270942404866,1063.7435479164124,nan,nan,nan
51000,0.0,0.20776744186878204,48.47242468595505,440.7217643223703,1077.500224351883,nan,nan,nan
52000,0.0,0.12141448259353638,48.47207760810852,441.3082415610552,1091.1820740699768,nan,nan,nan
53000,0.0,0.17177054286003113,48.47323000431061,441.85359643772244,1104.9643244743347,nan,nan,nan
54000,0.0,0.11357197910547256,48.47546315193176,442.33827757649124,1118.776796579361,nan,nan,nan
55000,0.0,0.1448490172624588,48.477508306503296,442.87767895683646,1132.5817897319794,nan,nan,nan
56000,0.0,0.11682073026895523,48.47953659296036,443.3974805343896,1146.2242994308472,nan,nan,nan
57000,0.0,0.13529717922210693,48.48045456409454,443.9793819524348,1159.8843894004822,nan,nan,nan
58000,0.0,0.2124481201171875,48.48233300447464,444.46124286204576,1173.5263466835022,nan,nan,nan
59000,0.0,0.17731307446956635,48.48576694726944,444.892031442374,1187.3447659015656,nan,nan,nan
60000,0.0,0.19314266741275787,48.48821085691452,445.4625051058829,1376.7734529972076,21.239412245624095,16.333333333333332,1000.0
61000,0.0,0.14091959595680237,48.489074409008026,446.0724274106324,1389.710789680481,nan,nan,nan
62000,0.0,0.12438695877790451,48.48860943317413,446.5869315303862,1402.6080722808838,nan,nan,nan
63000,0.0,0.16819344460964203,48.4905002117157,447.1014166306704,1415.5056262016296,nan,nan,nan
64000,0.0,0.12997989356517792,48.49211269617081,447.6516094598919,1428.3277831077576,nan,nan,nan
65000,0.0,0.15377290546894073,48.49275070428848,448.0638577081263,1441.1157765388489,nan,nan,nan
66000,0.0,0.1354927122592926,48.493726670742035,448.62635283358395,1453.891773223877,nan,nan,nan
67000,0.0,0.14266781508922577,48.495005905628204,449.21065605059266,1466.6808695793152,nan,nan,nan
68000,0.0,0.16453145444393158,48.49498850107193,449.70901523530483,1479.4655604362488,nan,nan,nan
69000,0.0,0.14318720996379852,48.496668457984924,450.24119073711336,1492.4578649997711,nan,nan,nan
70000,0.0,0.08918338268995285,48.50066554546356,450.7905336506665,1506.08358335495,nan,nan,nan
71000,0.0,0.13076603412628174,48.500704884529114,451.23767468705773,1519.8752355575562,nan,nan,nan
72000,0.0,0.09573053568601608,48.50379425287247,451.74443451687694,1533.4881937503815,nan,nan,nan
73000,0.0,0.12469420582056046,48.504102289676666,452.2685225363821,1547.1805465221405,nan,nan,nan
74000,0.0,0.23233628273010254,48.50495237112045,452.79983211681247,1560.8774750232697,nan,nan,nan
75000,0.0,0.1132059320807457,48.50188231468201,453.3408428411931,1574.642344236374,nan,nan,nan
76000,0.0,0.11956291645765305,48.50233918428421,453.96669194847345,1588.2824358940125,nan,nan,nan
77000,0.0,0.13763096928596497,48.501467287540436,454.35678239166737,1601.9133801460266,nan,nan,nan
78000,0.0,0.16932204365730286,48.50238388776779,454.9142851457,1615.5050077438354,nan,nan,nan
79000,0.0,0.12744472920894623,48.50663381814957,455.4184986948967,1629.2378079891205,nan,nan,nan
80000,0.0,0.1362554132938385,48.507179617881775,455.90694841369987,1820.4686114788055,19.85488549614016,26.666666666666668,1000.0
81000,0.0,0.17959663271903992,48.506747364997864,456.4850481059402,1833.330286026001,nan,nan,nan
82000,0.0,0.1412399560213089,48.50861698389053,456.95372452773154,1846.0691826343536,nan,nan,nan
83000,0.0,0.1704457551240921,48.51399350166321,457.5027113761753,1858.8316876888275,nan,nan,nan
84000,0.0,0.12902049720287323,48.513301849365234,458.0573077518493,1871.5918333530426,nan,nan,nan
85000,0.0,0.1847773641347885,48.51177275180817,458.6537886355072,1884.3549404144287,nan,nan,nan
86000,0.0,0.13121747970581055,48.51090967655182,459.2227671314031,1897.059093952179,nan,nan,nan
87000,0.0,0.11300283670425415,48.511665761470795,459.8019607439637,1909.9206547737122,nan,nan,nan
88000,0.0,0.17295680940151215,48.5136701464653,460.3033810239285,1922.642389535904,nan,nan,nan
89000,0.0,0.12482907623052597,48.5161474943161,460.8331979531795,1935.272293806076,nan,nan,nan
90000,0.0,0.15417347848415375,48.51634877920151,461.41175858303905,1947.9555792808533,nan,nan,nan
91000,0.0,0.10833501070737839,48.522512793540955,462.0410103350878,1961.110517501831,nan,nan,nan
92000,0.0,0.16926328837871552,48.5249902009964,462.5752597991377,1974.7408711910248,nan,nan,nan
93000,0.0,0.1495255082845688,48.529623210430145,463.1950200498104,1988.4621324539185,nan,nan,nan
94000,0.0,0.13243862986564636,48.527591705322266,463.72228350676596,2002.1025140285492,nan,nan,nan
95000,0.0,0.1514393836259842,48.52486538887024,464.3602252583951,2015.9223313331604,nan,nan,nan
96000,0.0,0.11184047907590866,48.52402198314667,464.8511650133878,2029.475238084793,nan,nan,nan
97000,0.0,0.1136404275894165,48.52538138628006,465.3523465823382,2042.9726073741913,nan,nan,nan
98000,0.0,0.1275702714920044,48.52644491195679,465.8026850372553,2056.6168909072876,nan,nan,nan
99000,0.0,0.10518383979797363,48.527257800102234,466.45175856910646,2070.3421669006348,nan,nan,nan
100000,0.0,0.11663296073675156,48.52878659963608,466.98663123883307,2266.30308508873,20.575048468846955,32.666666666666664,1000.0
101000,0.0,0.13032960891723633,48.53018015623093,467.3911115601659,2280.037014722824,nan,nan,nan
102000,0.0,0.16466732323169708,48.531446039676666,467.9485823623836,2293.593830347061,nan,nan,nan
103000,0.0,0.13926495611667633,48.53200751543045,468.45446529611945,2307.1429255008698,nan,nan,nan
104000,0.0,0.13599728047847748,48.536950051784515,469.0342335514724,2320.7414202690125,nan,nan,nan
105000,0.0,0.15723679959774017,48.54265695810318,469.5325983893126,2334.242927312851,nan,nan,nan
106000,0.0,0.17988894879817963,48.545078337192535,470.0870761666447,2347.922194480896,nan,nan,nan
107000,0.0,0.23889568448066711,48.54681473970413,470.54453548043966,2361.5042729377747,nan,nan,nan
108000,0.0,0.15778329968452454,48.55149286985397,471.08972714468837,2375.0298080444336,nan,nan,nan
109000,0.0,0.1991063356399536,48.55099231004715,471.56518668681383,2388.6505320072174,nan,nan,nan
110000,0.0,0.14151252806186676,48.55486100912094,471.9930965527892,2402.045788526535,nan,nan,nan
111000,0.0,0.14608284831047058,48.556688606739044,472.58906104043126,2415.961352586746,nan,nan,nan
112000,0.0,0.14191782474517822,48.55850636959076,473.2509620003402,2429.6748263835907,nan,nan,nan
113000,0.0,0.14271163940429688,48.5598823428154,473.75185386650264,2444.0923659801483,nan,nan,nan
114000,0.0,0.12525062263011932,48.563103795051575,474.06972457282245,2458.352160215378,nan,nan,nan
115000,0.0,0.21557755768299103,48.56317889690399,474.6633585765958,2472.6064467430115,nan,nan,nan
116000,0.0,0.13916784524917603,48.56721544265747,475.18791929259896,2486.967563390732,nan,nan,nan
117000,0.0,0.19523802399635315,48.570106863975525,475.61847357079387,2501.2906889915466,nan,nan,nan
118000,0.0,0.15808901190757751,48.57246196269989,476.2421367280185,2515.5607056617737,nan,nan,nan
119000,0.0,0.14959357678890228,48.5770947933197,476.7136074323207,2529.905706167221,nan,nan,nan
120000,0.0,0.1377924531698227,48.581857323646545,477.244836518541,2735.59450173378,14.84368203685851,35.333333333333336,1000.0
121000,0.0,0.19516603648662567,48.58567142486572,477.738090518862,2749.2647800445557,nan,nan,nan
122000,0.0,0.14930759370326996,48.58961147069931,478.25539257004857,2762.4298388957977,nan,nan,nan
123000,0.0,0.1427755355834961,48.59181636571884,478.67943980544806,2775.582052707672,nan,nan,nan
124000,0.0,0.11184956878423691,48.59232836961746,479.09002098441124,2789.1772890090942,nan,nan,nan
125000,0.0,0.1300087720155716,48.59418332576752,479.6802248302847,2802.659082174301,nan,nan,nan
126000,0.0,0.15808755159378052,48.595353841781616,480.08258456364274,2815.601100206375,nan,nan,nan
127000,0.0,0.18032431602478027,48.598224103450775,480.62232733145356,2829.0193254947662,nan,nan,nan
128000,0.0,0.10125525295734406,48.60191088914871,481.23010006919503,2842.6070816516876,nan,nan,nan
129000,0.0,0.09803713858127594,48.60373204946518,481.7180577944964,2856.270210981369,nan,nan,nan
130000,0.0,0.10647737979888916,48.60513401031494,482.20133553631604,2869.7015035152435,nan,nan,nan
131000,0.0,0.1572173833847046,48.60484206676483,482.6343083791435,2883.355051279068,nan,nan,nan
132000,0.0,0.26058563590049744,48.60837262868881,483.15305455960333,2896.8145184516907,nan,nan,nan
133000,0.0,0.1444738656282425,48.61104667186737,483.6588971912861,2910.3624124526978,nan,nan,nan
134000,0.0,0.13937267661094666,48.61401379108429,484.14623940736055,2923.712920188904,nan,nan,nan
135000,0.0,0.1226479783654213,48.618604481220245,484.7199868746102,2937.8003413677216,nan,nan,nan
136000,0.0,0.11870615929365158,48.62086021900177,485.1633349508047,2952.0524389743805,nan,nan,nan
137000,0.0,0.15642869472503662,48.622777462005615,485.68966772407293,2966.4078919887543,nan,nan,nan
138000,0.0,0.1811104267835617,48.62101125717163,486.1037219762802,2980.73811006546,nan,nan,nan
139000,0.0,0.1259346753358841,48.62408435344696,486.477706624195,2995.087946653366,nan,nan,nan
140000,0.0,0.15770652890205383,48.626205027103424,487.0008408408612,3203.3445250988007,18.952115192875528,19.333333333333332,1000.0
141000,0.0,0.12136697769165039,48.627798438072205,487.59265159256756,3217.7145919799805,nan,nan,nan
142000,0.0,0.09242265671491623,48.631808161735535,487.97452151961625,3232.046153306961,nan,nan,nan
143000,0.0,0.09486980736255646,48.63463115692139,488.41609453596175,3246.302838563919,nan,nan,nan
144000,0.0,0.14080727100372314,48.639507830142975,488.93949204310775,3259.667469739914,nan,nan,nan
145000,0.0,0.15254102647304535,48.64261829853058,489.40446805767715,3272.932068824768,nan,nan,nan
146000,0.0,0.09246122092008591,48.64677369594574,489.8815887197852,3286.182780265808,nan,nan,nan
147000,0.0,0.18201686441898346,48.653506338596344,490.3593376092613,3299.502199649811,nan,nan,nan
148000,0.0,0.08505124598741531,48.65421104431152,490.847145261243,3312.659068584442,nan,nan,nan
149000,0.0,0.16135023534297943,48.65399670600891,491.37086148560047,3325.898225545883,nan,nan,nan
150000,0.0,0.1347329020500183,48.65584462881088,491.7950367331505,3339.1853873729706,nan,nan,nan
151000,0.0,0.13374702632427216,48.65836262702942,492.2661338560283,3352.6745274066925,nan,nan,nan
152000,0.0,0.15022630989551544,48.660371482372284,492.735847460106,3365.988273382187,nan,nan,nan
153000,0.0,0.11516795307397842,48.667169868946075,493.20045017823577,3379.0739159584045,nan,nan,nan
154000,0.0,0.13576287031173706,48.67126780748367,493.7435578573495,3392.1605014801025,nan,nan,nan
155000,0.0,0.06590736657381058,48.674968957901,494.249309213832,3405.317661046982,nan,nan,nan
156000,0.0,0.1482216864824295,48.67840427160263,494.71319374628365,3418.5557153224945,nan,nan,nan
157000,0.0,0.10383500903844833,48.682744204998016,495.05531531199813,3432.0684490203857,nan,nan,nan
158000,0.0,0.16797612607479095,48.68600815534592,495.4966628998518,3446.433719396591,nan,nan,nan
159000,0.0,0.1273835152387619,48.688468396663666,496.0509404819459,3460.797861099243,nan,nan,nan
160000,0.0,0.12873785197734833,48.692248582839966,496.5476384218782,3670.2384629249573,19.882099251213784,32.333333333333336,1000.0
161000,0.0,0.16293691098690033,48.69729769229889,497.04385647550225,3684.5996267795563,nan,nan,nan
162000,0.0,0.22220055758953094,48.69728362560272,497.45183746144176,3698.9139819145203,nan,nan,nan
163000,0.0,0.12883801758289337,48.697503328323364,497.85255307517946,3713.277957201004,nan,nan,nan
164000,0.0,0.08120209723711014,48.698100209236145,498.3653943631798,3727.599732875824,nan,nan,nan
165000,0.0,0.15664362907409668,48.70202571153641,498.80382092669606,3741.9114627838135,nan,nan,nan
166000,0.0,0.1572246551513672,48.705395340919495,499.2236366402358,3755.541908979416,nan,nan,nan
167000,0.0,0.1664116382598877,48.71123784780502,499.72724585048854,3769.1371142864227,nan,nan,nan
168000,0.0,0.10624188184738159,48.70970529317856,500.21886694058776,3782.688714027405,nan,nan,nan
169000,0.0,0.13589635491371155,48.71381098031998,500.6528882794082,3796.3212172985077,nan,nan,nan
170000,0.0,0.12295576184988022,48.71479946374893,501.18270993605256,3809.96666431427,nan,nan,nan
171000,0.0,0.09097867459058762,48.71551716327667,501.6051529031247,3823.6080799102783,nan,nan,nan
172000,0.0,0.13766424357891083,48.7166029214859,502.0479180291295,3837.3181369304657,nan,nan,nan
173000,0.0,0.13188467919826508,48.721880078315735,502.4862389769405,3850.6896362304688,nan,nan,nan
174000,0.0,0.15875640511512756,48.727645218372345,503.0011344496161,3864.1659038066864,nan,nan,nan
175000,0.0,0.13801030814647675,48.73248702287674,503.43870396725833,3877.2943511009216,nan,nan,nan
176000,0.0,0.1436358094215393,48.73407459259033,503.9250871427357,3890.948926448822,nan,nan,nan
177000,0.0,0.20435340702533722,48.73667824268341,504.38280510157347,3904.039985179901,nan,nan,nan
178000,0.0,0.12451081722974777,48.74227237701416,504.83190530724823,3916.9846913814545,nan,nan,nan
179000,0.0,0.15020163357257843,48.74785768985748,505.26180401071906,3930.6883993148804,nan,nan,nan
180000,0.0,0.16232918202877045,48.75103563070297,505.7091829124838,4137.929676294327,20.27130741941934,44.666666666666664,1000.0
181000,0.0,0.11911141127347946,48.75519806146622,506.0892997980118,4152.311882019043,nan,nan,nan
182000,0.0,0.1393602043390274,48.75706076622009,506.72927937470376,4166.625336885452,nan,nan,nan
183000,0.0,0.1617588996887207,48.75794631242752,507.09373578056693,4180.915956497192,nan,nan,nan
184000,0.0,0.15694501996040344,48.76238453388214,507.6366799790412,4195.22180557251,nan,nan,nan
185000,0.0,0.13214193284511566,48.76751309633255,508.07190354168415,4209.525703668594,nan,nan,nan
186000,0.0,0.07326953858137131,48.77411127090454,508.45937270484865,4223.838737487793,nan,nan,nan
187000,0.0,0.21110497415065765,48.77714329957962,508.8518576938659,4238.082626819611,nan,nan,nan
188000,0.0,0.1259048730134964,48.7806676030159,509.3110112696886,4251.618017911911,nan,nan,nan
189000,0.0,0.12024956941604614,48.7867870926857,509.74283952638507,4265.192517280579,nan,nan,nan
190000,0.0,0.11771602928638458,48.790977239608765,510.1912254486233,4278.818459510803,nan,nan,nan
191000,0.0,0.0755208358168602,48.79344779253006,510.67469545453787,4292.199425458908,nan,nan,nan
192000,0.0,0.13861091434955597,48.797294557094574,511.23561134561896,4305.673587799072,nan,nan,nan
193000,0.0,0.1593572199344635,48.801301062107086,511.69372726231813,4319.318335056305,nan,nan,nan
194000,0.0,0.168954536318779,48.80297029018402,512.1946374792606,4332.916792631149,nan,nan,nan
195000,0.0,0.1372537463903427,48.80674660205841,512.711110111326,4346.479920387268,nan,nan,nan
196000,0.0,0.16454224288463593,48.813318490982056,513.0286066606641,4360.061176538467,nan,nan,nan
197000,0.0,0.10902714729309082,48.81783598661423,513.6029366254807,4373.594167709351,nan,nan,nan
198000,0.0,0.1483181267976761,48.81970518827438,514.0219840221107,4387.174468040466,nan,nan,nan
199000,0.0,0.19227837026119232,48.82366609573364,514.557538934052,4400.841510057449,nan,nan,nan
200000,0.0,0.09155334532260895,48.8280935883522,514.9425886496902,4603.180230140686,14.774153721210064,30.333333333333332,1000.0
201000,0.0,0.15672318637371063,48.834407687187195,515.426611430943,4617.486956119537,nan,nan,nan
202000,0.0,0.1188126727938652,48.83963567018509,515.7925388347358,4631.7692630290985,nan,nan,nan
203000,0.0,0.14883388578891754,48.84210366010666,516.2630288582295,4646.065586566925,nan,nan,nan
204000,0.0,0.0762372836470604,48.84846144914627,516.6572473794222,4660.3111572265625,nan,nan,nan
205000,0.0,0.12523433566093445,48.85233598947525,517.0514947324991,4674.682965755463,nan,nan,nan
206000,0.0,0.16244754195213318,48.85519862174988,517.5880101397634,4688.982565641403,nan,nan,nan
207000,0.0,0.21615751087665558,48.86205065250397,518.0664110258222,4703.245999574661,nan,nan,nan
208000,0.0,0.13850371539592743,48.8665452003479,518.5106615740806,4717.526391029358,nan,nan,nan
209000,0.0,0.141814187169075,48.8666073679924,518.9587438851595,4731.604620695114,nan,nan,nan
210000,0.0,0.13033831119537354,48.87030029296875,519.420031843707,4745.14185667038,nan,nan,nan
211000,0.0,0.0838308110833168,48.875011682510376,519.9769980814308,4758.743975400925,nan,nan,nan
212000,0.0,0.09506458044052124,48.87993896007538,520.3904269821942,4772.51219367981,nan,nan,nan
213000,0.0,0.12548965215682983,48.884423553943634,520.8775449004024,4786.219976425171,nan,nan,nan
214000,0.0,0.1749485433101654,48.88983082771301,521.3799802698195,4799.735575914383,nan,nan,nan
215000,0.0,0.10293727368116379,48.89467889070511,521.718309931457,4813.347419261932,nan,nan,nan
216000,0.0,0.1301792412996292,48.896480679512024,522.2352898921818,4826.9542717933655,nan,nan,nan
217000,0.0,0.14123240113258362,48.8997957110405,522.6132360007614,4840.6342442035675,nan,nan,nan
218000,0.0,0.274219810962677,48.9044172167778,523.0845589675009,4854.200478076935,nan,nan,nan
219000,0.0,0.15294532477855682,48.90812075138092,523.5563387107104,4867.767019748688,nan,nan,nan
220000,0.0,0.17666009068489075,48.915907084941864,524.0028402972966,5072.295648097992,22.209347711242714,25.333333333333332,1000.0
221000,0.0,0.1081966906785965,48.920847833156586,524.4882521890104,5086.586341381073,nan,nan,nan
222000,0.0,0.14443433284759521,48.92776298522949,524.9410934224725,5100.898832798004,nan,nan,nan
223000,0.0,0.15306079387664795,48.93174797296524,525.417669147253,5115.168147802353,nan,nan,nan
224000,0.0,0.16933588683605194,48.93709707260132,525.8447384722531,5129.489605665207,nan,nan,nan
225000,0.0,0.13849030435085297,48.94170689582825,526.31139607355,5143.776798963547,nan,nan,nan
226000,0.0,0.13542866706848145,48.94515949487686,526.7716748472303,5158.052041292191,nan,nan,nan
227000,0.0,0.16301500797271729,48.94763618707657,527.2712079174817,5172.381998538971,nan,nan,nan
228000,0.0,0.20295973122119904,48.95079702138901,527.7226230949163,5186.643053770065,nan,nan,nan
229000,0.0,0.11236461251974106,48.95803689956665,528.1499832477421,5200.956723690033,nan,nan,nan
230000,0.0,0.14605776965618134,48.961234867572784,528.6488528382033,5215.255882978439,nan,nan,nan
231000,0.0,0.09502202272415161,48.966416120529175,529.0930338203907,5228.982945680618,nan,nan,nan
232000,0.0,0.11847373098134995,48.97198909521103,529.559555189684,5242.0316643714905,nan,nan,nan
233000,0.0,0.13055293262004852,48.98342913389206,530.0481976661831,5255.520795822144,nan,nan,nan
234000,0.0,0.14586970210075378,48.98847943544388,530.5034021642059,5269.079165697098,nan,nan,nan
235000,0.0,0.13709910213947296,48.99470919370651,530.9055867176503,5282.733304977417,nan,nan,nan
236000,0.0,0.12703855335712433,48.99655723571777,531.3327117282897,5296.366402864456,nan,nan,nan
237000,0.0,0.16762974858283997,49.00286114215851,531.7073060888797,5310.555322408676,nan,nan,nan
238000,0.0,0.14782170951366425,49.00817769765854,532.2363830544055,5324.726340770721,nan,nan,nan
239000,0.0,0.18253476917743683,49.01111024618149,532.6656949780881,5338.397182941437,nan,nan,nan
240000,0.0,0.10335607826709747,49.01357525587082,533.0721176471561,5540.400470972061,20.89933021512201,20.666666666666668,1000.0
241000,0.0,0.08205076307058334,49.01861131191254,533.5899832434952,5554.6496024131775,nan,nan,nan
242000,0.0,0.17327819764614105,49.02006149291992,534.0128511376679,5568.908926725388,nan,nan,nan
243000,0.0,0.12211024761199951,49.02321261167526,534.4778490606695,5583.325067281723,nan,nan,nan
244000,0.0,0.12401726096868515,49.02708399295807,535.0783107616007,5597.682564258575,nan,nan,nan
245000,0.0,0.12280046939849854,49.035346031188965,535.464957203716,5612.012841463089,nan,nan,nan
246000,0.0,0.10054995864629745,49.038578748703,535.9408222008497,5626.374163150787,nan,nan,nan
247000,0.0,0.10030465573072433,49.037266969680786,536.3947975058109,5640.714112043381,nan,nan,nan
248000,0.0,0.16326867043972015,49.04041141271591,536.9633078239858,5655.059605836868,nan,nan,nan
249000,0.0,0.12562055885791779,49.04778832197189,537.4226139187813,5669.354871034622,nan,nan,nan
250000,0.0,0.19240234792232513,49.05284917354584,537.822092063725,5683.711067438126,nan,nan,nan
251000,0.0,0.12844185531139374,49.05713701248169,538.3150758072734,5697.9722011089325,nan,nan,nan
252000,0.0,0.09106441587209702,49.05763632059097,538.8344814516604,5712.264767169952,nan,nan,nan
253000,0.0,0.12627999484539032,49.060446202754974,539.2588233947754,5726.191690206528,nan,nan,nan
254000,0.0,0.12575215101242065,49.06852608919144,539.6968246307224,5739.250089883804,nan,nan,nan
255000,0.0,0.19761674106121063,49.074442625045776,540.1088456623256,5752.671455383301,nan,nan,nan
256000,0.0,0.1498819887638092,49.08186364173889,540.6524057146162,5765.902801275253,nan,nan,nan
257000,0.0,0.10352859646081924,49.08134150505066,541.1551809553057,5779.29749751091,nan,nan,nan
258000,0.0,0.11600314825773239,49.08566343784332,541.614676181227,5792.460289716721,nan,nan,nan
259000,0.0,0.23566699028015137,49.08996820449829,542.1634127534926,5805.4099817276,nan,nan,nan
260000,0.0,0.15251348912715912,49.09808653593063,542.6552773863077,6003.976952314377,14.697036586945705,24.333333333333332,1000.0
261000,0.0,0.12310906499624252,49.09959203004837,543.1217750813812,6018.292193174362,nan,nan,nan
262000,0.0,0.14858978986740112,49.10215085744858,543.5360426940024,6032.583816289902,nan,nan,nan
263000,0.0,0.1865568608045578,49.10632389783859,544.063759226352,6046.9438354969025,nan,nan,nan
264000,0.0,0.12574617564678192,49.112963795661926,544.5482883192599,6061.236670732498,nan,nan,nan
265000,0.0,0.16034747660160065,49.114657402038574,545.0812964942306,6075.404237270355,nan,nan,nan
266000,0.0,0.15356063842773438,49.114324152469635,545.5468369536102,6089.751139640808,nan,nan,nan
267000,0.0,0.11908145248889923,49.12013363838196,545.9660481680185,6103.990939855576,nan,nan,nan
268000,0.0,0.14627522230148315,49.12813889980316,546.4331773910671,6118.263395309448,nan,nan,nan
269000,0.0,0.12335991114377975,49.13644742965698,546.932640729472,6132.628699064255,nan,nan,nan
270000,0.0,0.1352614164352417,49.14162564277649,547.3472354654223,6146.883661746979,nan,nan,nan
271000,0.0,0.12684515118598938,49.14307910203934,547.9050037618726,6161.233755111694,nan,nan,nan
272000,0.0,0.0842515155673027,49.14749073982239,548.3708644676954,6175.504494667053,nan,nan,nan
273000,0.0,0.13373567163944244,49.15499299764633,548.8615350313485,6189.792535543442,nan,nan,nan
274000,0.0,0.16310074925422668,49.15799802541733,549.376420468092,6204.128306388855,nan,nan,nan
275000,0.0,0.11268844455480576,49.16236114501953,549.9515877831727,6218.451992034912,nan,nan,nan
276000,0.0,0.09424784034490585,49.168076515197754,550.3893229607493,6232.297569274902,nan,nan,nan
277000,0.0,0.12628094851970673,49.17192602157593,550.834992447868,6245.908098220825,nan,nan,nan
278000,0.0,0.13261102139949799,49.176339745521545,551.3130090404302,6259.511556386948,nan,nan,nan
279000,0.0,0.12903696298599243,49.17918020486832,551.8136593233794,6273.040606498718,nan,nan,nan
280000,0.0,0.1323331892490387,49.185782074928284,552.3444003537297,6463.784872531891,20.33148871642505,39.333333333333336,1000.0
281000,0.0,0.11173772066831589,49.18914419412613,552.8302513416857,6478.185185909271,nan,nan,nan
282000,0.0,0.12647795677185059,49.19528168439865,553.3049079291523,6492.486425876617,nan,nan,nan
283000,0.0,0.09720797836780548,49.20443856716156,553.7800285667181,6506.853826761246,nan,nan,nan
284000,0.0,0.08551283925771713,49.212129175662994,554.2384746093303,6521.14271569252,nan,nan,nan
285000,0.0,0.1834842562675476,49.212787210941315,554.7568972110748,6535.46108007431,nan,nan,nan
286000,0.0,0.1217900738120079,49.216296911239624,555.2723952215165,6549.826304197311,nan,nan,nan
287000,0.0,0.07497283071279526,49.223313212394714,555.8047485705465,6564.186960697174,nan,nan,nan
288000,0.0,0.11304879188537598,49.225472033023834,556.2165272179991,6578.555537939072,nan,nan,nan
289000,0.0,0.18848660588264465,49.23134368658066,556.7351207621396,6593.001387119293,nan,nan,nan
290000,0.0,0.10746848583221436,49.232391238212585,557.0950595866889,6607.342193841934,nan,nan,nan
291000,0.0,0.14186759293079376,49.236541628837585,557.6188256274909,6621.643791437149,nan,nan,nan
292000,0.0,0.12893787026405334,49.243682742118835,558.134563645348,6636.014613389969,nan,nan,nan
293000,0.0,0.11647935956716537,49.25188100337982,558.6927522942424,6650.361091852188,nan,nan,nan
294000,0.0,0.11869436502456665,49.251949429512024,559.1883501131088,6664.657634735107,nan,nan,nan
295000,0.0,0.12054305523633957,49.25713872909546,559.6431747172028,6679.0625722408295,nan,nan,nan
296000,0.0,0.11800403892993927,49.266305446624756,560.1180797610432,6693.336683034897,nan,nan,nan
297000,0.0,0.17588737607002258,49.27117908000946,560.7392993159592,6707.757586717606,nan,nan,nan
298000,0.0,0.10769865661859512,49.276940405368805,561.2132468465716,6722.097106218338,nan,nan,nan
299000,0.0,0.14069333672523499,49.28186583518982,561.7458498235792,6735.655613660812,nan,nan,nan
300000,0.0,0.12169606983661652,49.283804178237915,562.2530128154904,6928.292538404465,14.172902154989211,15.0,1000.0
301000,0.0,0.14863000810146332,49.28994423151016,562.7974842116237,6942.649332523346,nan,nan,nan
302000,0.0,0.12966182827949524,49.29423815011978,563.1811226997524,6956.925967216492,nan,nan,nan
303000,0.0,0.10635609924793243,49.29847824573517,563.7745863944292,6971.280378103256,nan,nan,nan
304000,0.0,0.14040738344192505,49.30376297235489,564.27334221825,6985.567563533783,nan,nan,nan
305000,0.0,0.17541196942329407,49.31144005060196,564.6641100849956,6999.807505369186,nan,nan,nan
306000,0.0,0.1103595718741417,49.31469506025314,565.1562285684049,7014.065592765808,nan,nan,nan
307000,0.0,0.15271860361099243,49.31915867328644,565.6839910037816,7028.389947414398,nan,nan,nan
308000,0.0,0.14503490924835205,49.32799935340881,566.2140639144927,7042.714707374573,nan,nan,nan
309000,0.0,0.11407885700464249,49.33574974536896,566.6687833424658,7057.123809576035,nan,nan,nan
310000,0.0,0.14494451880455017,49.3395192027092,567.152383595705,7071.528298854828,nan,nan,nan
311000,0.0,0.1372789591550827,49.34084326028824,567.659811200574,7085.7654230594635,nan,nan,nan
312000,0.0,0.09087874740362167,49.3437585234642,568.1179449111223,7100.141595840454,nan,nan,nan
313000,0.0,0.10988831520080566,49.34766763448715,568.5222886856645,7114.454351186752,nan,nan,nan
314000,0.0,0.11669071018695831,49.348099768161774,569.0673794206232,7128.689719676971,nan,nan,nan
315000,0.0,0.11415284126996994,49.35302549600601,569.5517279617488,7143.093562602997,nan,nan,nan
316000,0.0,0.10989415645599365,49.36125439405441,570.1545149087906,7157.390423536301,nan,nan,nan
317000,0.0,0.11525632441043854,49.36904954910278,570.576024595648,7171.6816194057465,nan,nan,nan
318000,0.0,0.09073889255523682,49.37468242645264,571.1382859796286,7186.022446870804,nan,nan,nan
319000,0.0,0.12702035903930664,49.37786257266998,571.6794960983098,7200.393432855606,nan,nan,nan
320000,0.0,0.12658755481243134,49.382261872291565,572.146010953933,7392.8195605278015,19.858795260586714,22.333333333333332,1000.0
321000,0.0,0.14439137279987335,49.38510054349899,572.5654444992542,7407.163725614548,nan,nan,nan
322000,0.0,0.09014864265918732,49.3856583237648,573.1226131059229,7421.526363134384,nan,nan,nan
323000,0.0,0.10218550264835358,49.39506667852402,573.5689229797572,7435.855344057083,nan,nan,nan
324000,0.0,0.11605473607778549,49.40065240859985,574.0148086622357,7450.316681146622,nan,nan,nan
325000,0.0,0.11095122247934341,49.40648794174194,574.475716855377,7464.65975189209,nan,nan,nan
326000,0.0,0.169642373919487,49.41157031059265,575.0071846228093,7479.018800497055,nan,nan,nan
327000,0.0,0.0857904851436615,49.415403008461,575.5101217329502,7493.4066371917725,nan,nan,nan
328000,0.0,0.15592637658119202,49.41943407058716,576.0561944134533,7507.654438257217,nan,nan,nan
329000,0.0,0.15134643018245697,49.42603665590286,576.424784431234,7522.021833658218,nan,nan,nan
330000,0.0,0.1633516103029251,49.43148183822632,576.9691877216101,7536.278804779053,nan,nan,nan
331000,0.0,0.10733646154403687,49.43638414144516,577.4730354547501,7550.686994791031,nan,nan,nan
332000,0.0,0.09817226231098175,49.44064176082611,577.9883383661509,7565.127840042114,nan,nan,nan
333000,0.0,0.08459402620792389,49.44654297828674,578.4887020345777,7579.56992149353,nan,nan,nan
334000,0.0,0.14781247079372406,49.45417529344559,578.9773710463196,7593.918575048447,nan,nan,nan
335000,0.0,0.1442815363407135,49.45922917127609,579.3448962233961,7608.260538578033,nan,nan,nan
336000,0.0,0.107817642390728,49.458834528923035,579.8970017023385,7622.526166915894,nan,nan,nan
337000,0.0,0.10089685767889023,49.46904981136322,580.3379124440253,7636.897633314133,nan,nan,nan
338000,0.0,0.1217026486992836,49.473815977573395,580.7829631865025,7651.174477100372,nan,nan,nan
339000,0.0,0.13804040849208832,49.48092710971832,581.2494044136256,7665.542742729187,nan,nan,nan
340000,0.0,0.061022914946079254,49.486525654792786,581.7206453718245,7861.038267850876,0.6893118520388586,0.0,1000.0
341000,0.0,0.09354959428310394,49.49039214849472,582.175131328404,7874.659788131714,nan,nan,nan
342000,0.0,0.11640133708715439,49.49358367919922,582.6128306537867,7888.245115280151,nan,nan,nan
343000,0.0,0.10258106142282486,49.497658133506775,583.0757943578064,7902.486027002335,nan,nan,nan
344000,0.0,0.11597318947315216,49.50600862503052,583.6078043803573,7916.8365268707275,nan,nan,nan
345000,0.0,0.14666074514389038,49.510738372802734,584.0129461158067,7931.076877355576,nan,nan,nan
346000,0.0,0.1387963742017746,49.51450335979462,584.5138759836555,7945.3694903850555,nan,nan,nan
347000,0.0,0.1044267937541008,49.52131670713425,584.982444241643,7959.736260652542,nan,nan,nan
348000,0.0,0.08205422013998032,49.52939999103546,585.3876788951457,7974.000257253647,nan,nan,nan
349000,0.0,0.12182622402906418,49.53678584098816,585.8431862685829,7988.3441660404205,nan,nan,nan
350000,0.0,0.08805578947067261,49.542546689510345,586.2583401668817,8002.726183176041,nan,nan,nan
351000,0.0,0.11410398781299591,49.54426866769791,586.7238385397941,8017.058614253998,nan,nan,nan
352000,0.0,0.13951969146728516,49.55047535896301,587.1973181795329,8031.300832748413,nan,nan,nan
353000,0.0,0.09265940636396408,49.559417843818665,587.5876647904515,8045.656444311142,nan,nan,nan
354000,0.0,0.11116492748260498,49.561437368392944,588.0713178310543,8059.956737756729,nan,nan,nan
355000,0.0,0.1392659842967987,49.56371694803238,588.5427879393101,8074.298824071884,nan,nan,nan
356000,0.0,0.07443394511938095,49.56511479616165,588.9853709861636,8088.6297519207,nan,nan,nan
357000,0.0,0.1219201311469078,49.56976056098938,589.3886088561267,8103.040291786194,nan,nan,nan
358000,0.0,0.11307286471128464,49.58022254705429,589.8778084628284,8117.347653627396,nan,nan,nan
359000,0.0,0.11654060333967209,49.58437752723694,590.3229848444462,8131.674339294434,nan,nan,nan
360000,0.0,0.08897195011377335,49.588378727436066,590.7962329741567,8325.381176233292,13.198044507320425,31.333333333333332,1000.0
361000,0.0,0.11156835407018661,49.59787970781326,591.262031910941,8339.12613272667,nan,nan,nan
362000,0.0,0.12020163983106613,49.60064375400543,591.6538651399314,8352.771476745605,nan,nan,nan
363000,0.0,0.11069011688232422,49.607719242572784,592.1529317256063,8366.654384374619,nan,nan,nan
364000,0.0,0.10076884180307388,49.60946828126907,592.583932634443,8380.61223602295,nan,nan,nan
365000,0.0,0.15067371726036072,49.61424434185028,593.0559330657125,8394.992389678955,nan,nan,nan
366000,0.0,0.0868263766169548,49.621680319309235,593.4903240632266,8409.306233882904,nan,nan,nan
367000,0.0,0.2080201357603073,49.63028883934021,593.9031779319048,8423.637207984924,nan,nan,nan
368000,0.0,0.11177446693181992,49.63966369628906,594.3586317300797,8437.952701330185,nan,nan,nan
369000,0.0,0.12528018653392792,49.645653665065765,594.7944555804133,8452.267547369003,nan,nan,nan
370000,0.0,0.13206325471401215,49.64823353290558,595.1907637864351,8466.625776052475,nan,nan,nan
371000,0.0,0.11949397623538971,49.65111964941025,595.6677413079888,8480.967044115067,nan,nan,nan
372000,0.0,0.17851422727108002,49.65511763095856,596.0765031352639,8495.334938526154,nan,nan,nan
373000,0.0,0.09622099250555038,49.66096216440201,596.5232832506299,8509.686105966568,nan,nan,nan
374000,0.0,0.08865080773830414,49.67134577035904,597.0054962746799,8524.069044589996,nan,nan,nan
375000,0.0,0.10408469289541245,49.67542052268982,597.4191870801151,8538.405373573303,nan,nan,nan
376000,0.0,0.11721586436033249,49.67967575788498,597.8480425495654,8552.841010808945,nan,nan,nan
377000,0.0,0.07482918351888657,49.68555569648743,598.2608937527984,8567.275332450867,nan,nan,nan
378000,0.0,0.13136453926563263,49.68954473733902,598.6985456980765,8581.57650923729,nan,nan,nan
379000,0.0,0.10067764669656754,49.69375818967819,599.0531401243061,8595.95147895813,nan,nan,nan
380000,0.0,0.12973642349243164,49.70090705156326,599.4698551110923,8792.351170539856,10.093203158463107,24.333333333333332,1000.0
381000,0.0,0.14436917006969452,49.70504331588745,599.8857449926436,8805.930570363998,nan,nan,nan
382000,0.0,0.10875017940998077,49.70579904317856,600.3674272168428,8819.185575246811,nan,nan,nan
383000,0.0,0.13137859106063843,49.71050006151199,600.7685442026705,8832.183282613754,nan,nan,nan
384000,0.0,0.07938814163208008,49.718163549900055,601.1784510165453,8845.243012428284,nan,nan,nan
385000,0.0,0.17500174045562744,49.72462201118469,601.594913052395,8858.681060314178,nan,nan,nan
386000,0.0,0.12006817013025284,49.730139434337616,602.0193342640996,8872.120780467987,nan,nan,nan
387000,0.0,0.10153377056121826,49.73938673734665,602.4298508297652,8885.859267234802,nan,nan,nan
388000,0.0,0.08419819176197052,49.747348725795746,602.7822624389082,8900.222002267838,nan,nan,nan
389000,0.0,0.1072029247879982,49.748702228069305,603.2371433842927,8914.62994813919,nan,nan,nan
390000,0.0,0.1275937557220459,49.75613099336624,603.6605001352727,8929.012004613876,nan,nan,nan
391000,0.0,0.09009610861539841,49.761635541915894,604.1311487033963,8943.423163175583,nan,nan,nan
392000,0.0,0.12211578339338303,49.767047345638275,604.5105564873666,8957.811665296555,nan,nan,nan
393000,0.0,0.12385757267475128,49.76870131492615,604.9083945322782,8972.199841022491,nan,nan,nan
394000,0.0,0.08659009635448456,49.773939430713654,605.3037207499146,8986.528823852539,nan,nan,nan
395000,0.0,0.1085602417588234,49.774253129959106,605.6833775900304,9000.944618225098,nan,nan,nan
396000,0.0,0.14391668140888214,49.77913856506348,606.1081366054714,9015.242441177368,nan,nan,nan
397000,0.0,0.11833510547876358,49.7785462141037,606.5232654828578,9029.592388391495,nan,nan,nan
398000,0.0,0.09087736904621124,49.78254175186157,606.9353802800179,9043.913769721985,nan,nan,nan
399000,0.0,0.06939697265625,49.78629660606384,607.3363468423486,9058.454941272736,nan,nan,nan
400000,0.0,0.09664416313171387,49.78916424512863,607.744563806802,9262.214286327362,19.707833187872065,51.666666666666664,1000.0
401000,0.0,0.10115110129117966,49.79550999403,608.1404570285231,9275.863878011703,nan,nan,nan
402000,0.0,0.14600594341754913,49.800890028476715,608.5217981990427,9289.248373270035,nan,nan,nan
403000,0.0,0.12758088111877441,49.807091891765594,608.9399824347347,9302.615251541138,nan,nan,nan
404000,0.0,0.09280606359243393,49.8121896982193,609.2978457007557,9315.830574274063,nan,nan,nan
405000,0.0,0.09695770591497421,49.81640201807022,609.6974534783512,9329.620661735535,nan,nan,nan
406000,0.0,0.10679979622364044,49.81987828016281,610.0654866229743,9343.139443159103,nan,nan,nan
407000,0.0,0.10260351002216339,49.828378438949585,610.506823701784,9356.405442237854,nan,nan,nan
408000,0.0,0.06827213615179062,49.83689647912979,610.919669508934,9369.61831831932,nan,nan,nan
409000,0.0,0.10928525775671005,49.84425550699234,611.2770142611116,9383.29026389122,nan,nan,nan
410000,0.0,0.10842163860797882,49.85196429491043,611.7047267723829,9397.54273724556,nan,nan,nan
411000,0.0,0.08313547819852829,49.85665982961655,612.1221765726805,9411.961877346039,nan,nan,nan
412000,0.0,0.0884060263633728,49.862292885780334,612.5082269273698,9426.314329385757,nan,nan,nan
413000,0.0,0.1350681632757187,49.86583751440048,612.8839793819934,9440.629896402359,nan,nan,nan
414000,0.0,0.09477372467517853,49.87176012992859,613.2705635614693,9454.881254673004,nan,nan,nan
415000,0.0,0.0862266942858696,49.87579011917114,613.6541658639908,9469.175338029861,nan,nan,nan
416000,0.0,0.09742691367864609,49.886693716049194,614.0488051753491,9483.519976854324,nan,nan,nan
417000,0.0,0.1020263209939003,49.8967370390892,614.411130702123,9497.830284118652,nan,nan,nan
418000,0.0,0.07864569872617722,49.9034298658371,614.7706628255546,9512.198884487152,nan,nan,nan
419000,0.0,0.08925154060125351,49.908302426338196,615.1794128958136,9526.618742227554,nan,nan,nan
420000,0.0,0.1359413117170334,49.910199999809265,615.5703919827938,9731.765832662582,16.34493246825117,14.666666666666666,1000.0
421000,0.0,0.08893503993749619,49.91391098499298,615.9728023987263,9745.6217918396,nan,nan,nan
422000,0.0,0.09575482457876205,49.921528816223145,616.3336712997407,9759.209446430206,nan,nan,nan
423000,0.0,0.08425796031951904,49.921743869781494,616.6804581098258,9772.755211114883,nan,nan,nan
424000,0.0,0.09184839576482773,49.9298654794693,617.0525777172297,9786.247349739075,nan,nan,nan
425000,0.0,0.12444191426038742,49.939606070518494,617.4319054130465,9799.829943180084,nan,nan,nan
426000,0.0,0.09671228379011154,49.94140160083771,617.8558544237167,9813.383338451385,nan,nan,nan
427000,0.0,0.12248241901397705,49.94386160373688,618.2202730868012,9826.901744365692,nan,nan,nan
428000,0.0,0.1004541665315628,49.9523309469223,618.6041979696602,9840.46496629715,nan,nan,nan
429000,0.0,0.09461713582277298,49.96105432510376,618.9675280302763,9854.053686618805,nan,nan,nan
430000,0.0,0.1839974969625473,49.96707332134247,619.3028166424483,9867.551620721817,nan,nan,nan
431000,0.0,0.05441262945532799,49.97195267677307,619.6842224150896,9881.17395234108,nan,nan,nan
432000,0.0,0.08840303868055344,49.979780435562134,620.0875814631581,9895.515151023865,nan,nan,nan
433000,0.0,0.115792416036129,49.98857390880585,620.4151712432504,9909.862711191177,nan,nan,nan
434000,0.0,0.0847681388258934,49.9965957403183,620.7723197508603,9924.220036268234,nan,nan,nan
435000,0.0,0.08528288453817368,50.00248408317566,621.1526406630874,9938.537567138672,nan,nan,nan
436000,0.0,0.09875313192605972,50.01136541366577,621.5296432245523,9952.851244688034,nan,nan,nan
437000,0.0,0.08312039077281952,50.01803135871887,621.9129442460835,9967.214898824692,nan,nan,nan
438000,0.0,0.11644402891397476,50.02152192592621,622.3142281584442,9981.707988500595,nan,nan,nan
439000,0.0,0.07633054256439209,50.029587626457214,622.581844303757,9996.212836742401,nan,nan,nan
440000,0.0,0.10852396488189697,50.03548741340637,622.9770736638457,10200.642047166824,21.860939789344513,16.333333333333332,1000.0
441000,0.0,0.1498703509569168,50.04003691673279,623.380530346185,10214.36943411827,nan,nan,nan
442000,0.0,0.08427291363477707,50.04374635219574,623.6844316404313,10227.992715597153,nan,nan,nan
443000,0.0,0.09627032279968262,50.04820418357849,624.0396707002074,10241.5995490551,nan,nan,nan
444000,0.0,0.07796791940927505,50.05523931980133,624.393781978637,10255.213864088058,nan,nan,nan
445000,0.0,0.11031472682952881,50.065208315849304,624.7833261974156,10268.886852502823,nan,nan,nan
446000,0.0,0.09416750073432922,50.06340801715851,625.1513207629323,10282.51158285141,nan,nan,nan
447000,0.0,0.12011265009641647,50.07291376590729,625.5518748443574,10296.219733715057,nan,nan,nan
448000,0.0,0.07245434820652008,50.07811999320984,625.888180533424,10309.808596611023,nan,nan,nan
449000,0.0,0.08984731137752533,50.079994201660156,626.2502354867756,10323.362079381943,nan,nan,nan
450000,0.0,0.08633574098348618,50.084752798080444,626.5773392952979,10336.979926347733,nan,nan,nan
451000,0.0,0.1291484832763672,50.08994805812836,626.9564547408372,10350.560494422913,nan,nan,nan
452000,0.0,0.08436134457588196,50.09516644477844,627.2915018163621,10364.1339905262,nan,nan,nan
453000,0.0,0.06356053054332733,50.10029911994934,627.615480421111,10378.013407945633,nan,nan,nan
454000,0.0,0.0771283283829689,50.1051709651947,627.9221706781536,10392.283903837204,nan,nan,nan
455000,0.0,0.07520044595003128,50.11073136329651,628.2962206974626,10406.610451936722,nan,nan,nan
456000,0.0,0.09235865622758865,50.1161994934082,628.6336519364268,10420.915860414505,nan,nan,nan
457000,0.0,0.11381325870752335,50.123881220817566,629.0047643743455,10435.269781589508,nan,nan,nan
458000,0.0,0.10976965725421906,50.12873935699463,629.3893480356783,10449.595381498337,nan,nan,nan
459000,0.0,0.10458459705114365,50.13324213027954,629.722037864849,10463.957995653152,nan,nan,nan
460000,0.0,0.08680680394172668,50.13928437232971,630.0763673037291,10667.067637681961,13.584898348038868,7.333333333333333,1000.0
461000,0.0,0.08657830208539963,50.1429705619812,630.4057469498366,10681.540336370468,nan,nan,nan
462000,0.0,0.07281079143285751,50.14961051940918,630.7557863537222,10694.839007616043,nan,nan,nan
463000,0.0,0.09433799237012863,50.158056139945984,631.1460848450661,10708.257622241974,nan,nan,nan
464000,0.0,0.05872480943799019,50.167531967163086,631.4308202639222,10721.737351179123,nan,nan,nan
465000,0.0,0.06442082673311234,50.17387270927429,631.767106808722,10735.629220247269,nan,nan,nan
466000,0.0,0.0730929970741272,50.18350911140442,632.1496974881738,10749.086055755615,nan,nan,nan
467000,0.0,0.052159782499074936,50.186060190200806,632.4766108393669,10762.666561126709,nan,nan,nan
468000,0.0,0.08269207179546356,50.18760538101196,632.8155014663935,10776.291636943817,nan,nan,nan
469000,0.0,0.08067460358142853,50.19126915931702,633.1607932318002,10789.837636947632,nan,nan,nan
470000,0.0,0.06820762157440186,50.194313049316406,633.5127724241465,10803.434175729752,nan,nan,nan
471000,0.0,0.06389357894659042,50.201048612594604,633.8647058214992,10817.036271095276,nan,nan,nan
472000,0.0,0.09332133829593658,50.204726815223694,634.1984659731388,10830.676386594772,nan,nan,nan
473000,0.0,0.07851520925760269,50.21245360374451,634.5512266848236,10844.31603050232,nan,nan,nan
474000,0.0,0.12248082458972931,50.2173033952713,634.8794637788087,10857.729516267776,nan,nan,nan
475000,0.0,0.08036648482084274,50.222095370292664,635.1565340831876,10871.463299036026,nan,nan,nan
476000,0.0,0.08816739171743393,50.23216390609741,635.5276774633676,10885.735616207123,nan,nan,nan
477000,0.0,0.12103080749511719,50.23655593395233,635.8375412318856,10900.160697937012,nan,nan,nan
478000,0.0,0.059036023914813995,50.24318885803223,636.1376382298768,10914.489335775375,nan,nan,nan
479000,0.0,0.09831976145505905,50.24846303462982,636.5039481353015,10928.895762205124,nan,nan,nan
480000,0.0,0.13730446994304657,50.25698137283325,636.8257175013423,11137.200879573822,18.835119975188707,20.666666666666668,1000.0
481000,0.0,0.05542602762579918,50.26957833766937,637.159765932709,11151.709292173386,nan,nan,nan
482000,0.0,0.0986228808760643,50.27543771266937,637.5201617404819,11166.06935453415,nan,nan,nan
483000,0.0,0.038657933473587036,50.278653502464294,637.8554039932787,11180.380328655243,nan,nan,nan
484000,0.0,0.09789061546325684,50.28363215923309,638.1910141147673,11193.870511770248,nan,nan,nan
485000,0.0,0.0770103856921196,50.28612518310547,638.5234010759741,11207.33488035202,nan,nan,nan
486000,0.0,0.09559803456068039,50.29450273513794,638.8288075514138,11220.532952547073,nan,nan,nan
487000,0.0,0.06765996664762497,50.29893672466278,639.1224299315363,11233.947908878326,nan,nan,nan
488000,0.0,0.12957094609737396,50.30386304855347,639.5216603837907,11247.328838348389,nan,nan,nan
489000,0.0,0.085739366710186,50.30621349811554,639.8116886503994,11260.71566271782,nan,nan,nan
490000,0.0,0.06454028934240341,50.31355261802673,640.1456141658127,11274.071986436844,nan,nan,nan
491000,0.0,0.11355705559253693,50.31937849521637,640.5086799785495,11287.741286754608,nan,nan,nan
492000,0.0,0.08060244470834732,50.328415393829346,640.7844374272972,11300.997139692307,nan,nan,nan
493000,0.0,0.06590999662876129,50.3319411277771,641.1339233089238,11314.7446539402,nan,nan,nan
494000,0.0,0.07164159417152405,50.33560621738434,641.4427436944097,11328.53551864624,nan,nan,nan
495000,0.0,0.06619800627231598,50.34039783477783,641.7997040189803,11342.325609207153,nan,nan,nan
496000,0.0,0.09928960353136063,50.3444709777832,642.0868795104325,11355.949277877808,nan,nan,nan
497000,0.0,0.07265227288007736,50.349955558776855,642.4560824111104,11369.698850870132,nan,nan,nan
498000,0.0,0.056774433702230453,50.35594606399536,642.7807219475508,11384.045060634613,nan,nan,nan
499000,0.0,0.05036181956529617,50.35944080352783,643.066966522485,11398.596352100372,nan,nan,nan
500000,0.0,0.07300024479627609,50.36602759361267,643.3741144761443,11608.242492198944,19.39023223798497,21.0,1000.0
501000,0.0,0.0503818653523922,50.36981952190399,643.703147912398,11622.63235116005,nan,nan,nan
502000,0.0,0.08029094338417053,50.3773672580719,644.0058258716017,11637.0092856884,nan,nan,nan
503000,0.0,0.0914897471666336,50.38381826877594,644.3165100850165,11651.359019517899,nan,nan,nan
504000,0.0,0.0851605162024498,50.38816738128662,644.6650300472975,11665.653916358948,nan,nan,nan
505000,0.0,0.07685253769159317,50.39515447616577,644.9430981390178,11680.060426235199,nan,nan,nan
506000,0.0,0.08869156241416931,50.40426993370056,645.232678130269,11693.89337849617,nan,nan,nan
507000,0.0,0.07301577180624008,50.410348773002625,645.6184500306845,11707.447281360626,nan,nan,nan
508000,0.0,0.0987795889377594,50.421571135520935,645.8926649261266,11720.970951080322,nan,nan,nan
509000,0.0,0.06604062020778656,50.43041217327118,646.1766757704318,11734.29951763153,nan,nan,nan
510000,0.0,0.05263030529022217,50.435523986816406,646.4396230876446,11747.42526435852,nan,nan,nan
511000,0.0,0.07753121107816696,50.436249017715454,646.7481660228223,11760.760493278503,nan,nan,nan
512000,0.0,0.09580221027135849,50.44135904312134,647.0514989141375,11773.946289539337,nan,nan,nan
513000,0.0,0.06366810947656631,50.44491946697235,647.3920963276178,11787.139733552933,nan,nan,nan
514000,0.0,0.0666424036026001,50.4464031457901,647.6681665387005,11800.501636266708,nan,nan,nan
515000,0.0,0.10047417134046555,50.45559227466583,647.9484856147319,11813.858003139496,nan,nan,nan
516000,0.0,0.05695430189371109,50.472023248672485,648.2981696203351,11826.938324213028,nan,nan,nan
517000,0.0,0.07493231445550919,50.47779953479767,648.6056966520846,11840.065277576447,nan,nan,nan
518000,0.0,0.048719409853219986,50.47782647609711,648.9304194226861,11853.443892478943,nan,nan,nan
519000,0.0,0.10389552265405655,50.483333110809326,649.2403168454766,11866.670613765717,nan,nan,nan
520000,0.0,0.06295245885848999,50.48767125606537,649.5582257304341,12074.496304035187,22.457484520623794,30.333333333333332,1000.0
521000,0.0,0.060905277729034424,50.49479126930237,649.8789521884173,12088.730185747147,nan,nan,nan
522000,0.0,0.09701701253652573,50.501556158065796,650.1892244033515,12102.963030576706,nan,nan,nan
523000,0.0,0.09347712993621826,50.50596082210541,650.4431708715856,12117.262772321701,nan,nan,nan
524000,0.0,0.12022002786397934,50.51303493976593,650.7395674139261,12131.573960781097,nan,nan,nan
525000,0.0,0.08516158908605576,50.519044041633606,651.0616069827229,12145.96738576889,nan,nan,nan
526000,0.0,0.08414733409881592,50.5270254611969,651.384414402768,12160.253641366959,nan,nan,nan
527000,0.0,0.07710079103708267,50.53552424907684,651.7203990221024,12174.611828565598,nan,nan,nan
528000,0.0,0.061087559908628464,50.54126298427582,652.0090927649289,12188.745304107666,nan,nan,nan
529000,0.0,0.08269671350717545,50.55201590061188,652.2915759887546,12202.390860319138,nan,nan,nan
530000,0.0,0.08296855539083481,50.559619426727295,652.5855860896409,12216.10435295105,nan,nan,nan
531000,0.0,0.0599294975399971,50.56842756271362,652.8914622552693,12229.699353933334,nan,nan,nan
532000,0.0,0.06847097724676132,50.57480847835541,653.2038836218417,12243.181528806686,nan,nan,nan
533000,0.0,0.08245648443698883,50.58280634880066,653.4615404587239,12256.658351659775,nan,nan,nan
534000,0.0,0.0973748043179512,50.58992111682892,653.7227852679789,12270.257088184357,nan,nan,nan
535000,0.0,0.07457103580236435,50.599196791648865,654.0128386989236,12283.975868701935,nan,nan,nan
536000,0.0,0.08010035008192062,50.603620648384094,654.3477810360491,12297.617848873138,nan,nan,nan
537000,0.0,0.07616647332906723,50.609456181526184,654.6501160077751,12311.105367898941,nan,nan,nan
538000,0.0,0.07577856630086899,50.61311960220337,654.9470834061503,12324.376267671585,nan,nan,nan
539000,0.0,0.06700138747692108,50.619781374931335,655.2408881634474,12337.690113544464,nan,nan,nan
540000,0.0,0.07436370849609375,50.62622606754303,655.528557561338,12538.291861534119,11.035586482825195,25.666666666666668,1000.0
541000,0.0,0.04385850951075554,50.6326858997345,655.8010342344642,12552.576277017593,nan,nan,nan
542000,0.0,0.15743131935596466,50.63816261291504,656.10129564628,12566.874581098557,nan,nan,nan
543000,0.0,0.0695388913154602,50.64833307266235,656.413347799331,12581.229416370392,nan,nan,nan
544000,0.0,0.061059750616550446,50.65424311161041,656.7080596387386,12595.478284835815,nan,nan,nan
545000,0.0,0.06963922828435898,50.65345108509064,656.9780363403261,12609.83666563034,nan,nan,nan
546000,0.0,0.07432511448860168,50.65995228290558,657.3108054623008,12624.122757911682,nan,nan,nan
547000,0.0,0.06149141862988472,50.66176760196686,657.5372753925622,12638.378991365433,nan,nan,nan
548000,0.0,0.07068286836147308,50.669421792030334,657.8554311580956,12652.710315227509,nan,nan,nan
549000,0.0,0.05689386650919914,50.67432510852814,658.1625346764922,12667.009712696075,nan,nan,nan
550000,0.0,0.04490683227777481,50.68081891536713,658.4508194178343,12681.367156505585,nan,nan,nan
551000,0.0,0.05498936399817467,50.688777923583984,658.7313387989998,12695.0439889431,nan,nan,nan
552000,0.0,0.040975987911224365,50.696332812309265,659.0567672215402,12708.65333533287,nan,nan,nan
553000,0.0,0.105992391705513,50.703866720199585,659.3878354541957,12722.209372520447,nan,nan,nan
554000,0.0,0.06791803985834122,50.70557999610901,659.6582047231495,12735.833984136581,nan,nan,nan
555000,0.0,0.04358780011534691,50.713144302368164,659.9404543824494,12749.435562610626,nan,nan,nan
556000,0.0,0.07355937361717224,50.71980178356171,660.2190123982728,12762.996335744858,nan,nan,nan
557000,0.0,0.06908446550369263,50.73146891593933,660.4393815845251,12776.637149095535,nan,nan,nan
558000,0.0,0.06072584539651871,50.72966766357422,660.751149456948,12790.34901046753,nan,nan,nan
559000,0.0,0.06520627439022064,50.729788064956665,661.0632695667446,12804.36793589592,nan,nan,nan
560000,0.0,0.0804632231593132,50.736547112464905,661.3760663494468,13004.874948978424,13.7070220169034,64.0,1000.0
561000,0.0,0.07240070402622223,50.74641668796539,661.6586928851902,13019.405834674835,nan,nan,nan
562000,0.0,0.0666884109377861,50.74935019016266,661.9325077608228,13033.78378367424,nan,nan,nan
563000,0.0,0.11033868789672852,50.758039116859436,662.2146361023188,13048.150675296783,nan,nan,nan
564000,0.0,0.09265168756246567,50.766555309295654,662.4953424669802,13062.379054307938,nan,nan,nan
565000,0.0,0.035339076071977615,50.7698187828064,662.7708026766777,13076.675495624542,nan,nan,nan
566000,0.0,0.07679512351751328,50.77368760108948,663.0734252929688,13091.030525445938,nan,nan,nan
567000,0.0,0.08138563483953476,50.78235733509064,663.3310208469629,13105.400712490082,nan,nan,nan
568000,0.0,0.11764182895421982,50.78850769996643,663.586005680263,13119.62572312355,nan,nan,nan
569000,0.0,0.09702574461698532,50.7970335483551,663.8464455641806,13133.982115507126,nan,nan,nan
570000,0.0,0.05657926946878433,50.798259019851685,664.0989363603294,13148.271315097809,nan,nan,nan
571000,0.0,0.07184293121099472,50.804662227630615,664.4343397133052,13162.588833808899,nan,nan,nan
572000,0.0,0.11798737198114395,50.81877827644348,664.6980690732598,13176.957076311111,nan,nan,nan
573000,0.0,0.08144325017929077,50.82783854007721,665.0229422561824,13190.59031510353,nan,nan,nan
574000,0.0,0.08643480390310287,50.83538198471069,665.2650518976152,13204.248497247696,nan,nan,nan
575000,0.0,0.045060738921165466,50.83367109298706,665.5518607646227,13217.906661987305,nan,nan,nan
576000,0.0,0.07893920689821243,50.83832240104675,665.8091713935137,13231.790535449982,nan,nan,nan
577000,0.0,0.10159207880496979,50.84647476673126,666.1289749480784,13245.355988264084,nan,nan,nan
578000,0.0,0.0472533255815506,50.85510015487671,666.3884250856936,13258.939817667007,nan,nan,nan
579000,0.0,0.0699305459856987,50.8608033657074,666.6818943545222,13272.518310546875,nan,nan,nan
580000,0.0,0.0762917697429657,50.86541759967804,666.960370272398,13474.440200805664,22.08667132733917,56.333333333333336,1000.0
581000,0.0,0.09720062464475632,50.874653577804565,667.2593475468457,13488.873831510544,nan,nan,nan
582000,0.0,0.08598669618368149,50.87925338745117,667.4942967221141,13503.300643444061,nan,nan,nan
583000,0.0,0.06995215266942978,50.88606655597687,667.7285171151161,13517.754803419113,nan,nan,nan
584000,0.0,0.06564462184906006,50.89517915248871,668.0096349082887,13532.089218616486,nan,nan,nan
585000,0.0,0.11342733353376389,50.901620745658875,668.3098169825971,13546.487349033356,nan,nan,nan
586000,0.0,0.05184057354927063,50.90670657157898,668.5926006771624,13560.799332857132,nan,nan,nan
587000,0.0,0.06458090245723724,50.91947042942047,668.8520435169339,13575.150788784027,nan,nan,nan
588000,0.0,0.06055833026766777,50.93323850631714,669.1471002846956,13589.471031427383,nan,nan,nan
589000,0.0,0.04617660865187645,50.93640410900116,669.3484839685261,13603.763003349304,nan,nan,nan
590000,0.0,0.10012660175561905,50.945544600486755,669.6004303246737,13617.986993312836,nan,nan,nan
591000,0.0,0.09003105759620667,50.95760095119476,669.9159233346581,13632.255066871643,nan,nan,nan
592000,0.0,0.07628802210092545,50.96501624584198,670.1945825107396,13646.55470609665,nan,nan,nan
593000,0.0,0.07523804157972336,50.97221553325653,670.484481614083,13660.967075824738,nan,nan,nan
594000,0.0,0.06759844720363617,50.97680187225342,670.7653879337013,13674.982345104218,nan,nan,nan
595000,0.0,0.06906487047672272,50.981799483299255,671.0225025676191,13688.26969218254,nan,nan,nan
596000,0.0,0.08008728921413422,50.98676025867462,671.2849012576044,13701.510574102402,nan,nan,nan
597000,0.0,0.07383288443088531,50.992876410484314,671.552064485848,13714.891846179962,nan,nan,nan
598000,0.0,0.06883740425109863,51.00261044502258,671.8215374685824,13728.5251019001,nan,nan,nan
599000,0.0,0.10235103219747543,51.01487934589386,672.1197537556291,13742.114712238312,nan,nan,nan
600000,0.0,0.09071864187717438,51.01215636730194,672.3033264540136,13941.431005716324,15.092688924039381,10.333333333333334,1000.0
601000,0.0,0.10179173946380615,51.0228191614151,672.6095382869244,13955.902724027634,nan,nan,nan
602000,0.0,0.06309789419174194,51.0309202671051,672.8521445915103,13970.339349031448,nan,nan,nan
603000,0.0,0.07901731133460999,51.036176681518555,673.1562722548842,13984.710899114609,nan,nan,nan
604000,0.0,0.08793763071298599,51.04042387008667,673.3834087923169,13999.062498092651,nan,nan,nan
605000,0.0,0.039988692849874496,51.04808032512665,673.6428339220583,14013.41665506363,nan,nan,nan
606000,0.0,0.10363446921110153,51.05916428565979,673.9027319289744,14027.718732833862,nan,nan,nan
607000,0.0,0.07848593592643738,51.07087600231171,674.1846385039389,14042.055688619614,nan,nan,nan
608000,0.0,0.051057733595371246,51.07037281990051,674.4240033216774,14056.252907037735,nan,nan,nan
609000,0.0,0.06750772893428802,51.0796993970871,674.6920812986791,14070.641530752182,nan,nan,nan
610000,0.0,0.06898625940084457,51.081963419914246,674.9552861899137,14084.957125663757,nan,nan,nan
611000,0.0,0.0519929900765419,51.08452653884888,675.2427695579827,14099.26828622818,nan,nan,nan
612000,0.0,0.10760589689016342,51.09164226055145,675.4816189929843,14113.591915607452,nan,nan,nan
613000,0.0,0.11273634433746338,51.096790075302124,675.7618543803692,14127.950300455093,nan,nan,nan
614000,0.0,0.08590559661388397,51.09991955757141,675.9962409287691,14142.33055639267,nan,nan,nan
615000,0.0,0.048432882875204086,51.102924942970276,676.286058396101,14156.730111598969,nan,nan,nan
616000,0.0,0.09002681076526642,51.11156952381134,676.5379755944014,14171.00069284439,nan,nan,nan
617000,0.0,0.0718628391623497,51.12438666820526,676.786901652813,14184.692871570587,nan,nan,nan
618000,0.0,0.050639934837818146,51.12539291381836,677.0590076334774,14197.798439264297,nan,nan,nan
619000,0.0,0.08915668725967407,51.129748940467834,677.3372661098838,14210.95047545433,nan,nan,nan
620000,0.0,0.052609022706747055,51.13592076301575,677.5772489644587,14402.788110256195,20.561046122628557,22.666666666666668,1000.0
621000,0.0,0.09395342320203781,51.1417920589447,677.8145091161132,14417.223607301712,nan,nan,nan
622000,0.0,0.11911191046237946,51.145551681518555,678.1370656527579,14431.660277366638,nan,nan,nan
623000,0.0,0.09508421272039413,51.157354950904846,678.4078627564013,14446.036167621613,nan,nan,nan
624000,0.0,0.08232665061950684,51.16000580787659,678.6528323628008,14460.380593061447,nan,nan,nan
625000,0.0,0.07034178823232651,51.171414852142334,678.9529634341598,14474.71308541298,nan,nan,nan
626000,0.0,0.08082029968500137,51.17543864250183,679.2041931673884,14489.040936470032,nan,nan,nan
627000,0.0,0.07300678640604019,51.17757022380829,679.4587141796947,14503.419356822968,nan,nan,nan
628000,0.0,0.08493862301111221,51.185585021972656,679.7139231599867,14517.77203321457,nan,nan,nan
629000,0.0,0.056727148592472076,51.194941997528076,679.9449676312506,14532.190918922424,nan,nan,nan
630000,0.0,0.12363272160291672,51.20495688915253,680.2035037390888,14546.5132958889,nan,nan,nan
631000,0.0,0.07177286595106125,51.21058428287506,680.4539115428925,14560.900653362274,nan,nan,nan
632000,0.0,0.06082021817564964,51.22145199775696,680.7779351472855,14575.248746871948,nan,nan,nan
633000,0.0,0.07111284881830215,51.23199117183685,681.0336631946266,14589.56640625,nan,nan,nan
634000,0.0,0.03895392268896103,51.23212933540344,681.3021430596709,14603.882342338562,nan,nan,nan
635000,0.0,0.05234590917825699,51.240262150764465,681.5254128500819,14618.24590754509,nan,nan,nan
636000,0.0,0.04450787231326103,51.248106956481934,681.8037047162652,14632.574045419693,nan,nan,nan
637000,0.0,0.07537533342838287,51.25337874889374,682.076816406101,14646.971689462662,nan,nan,nan
638000,0.0,0.04553036019206047,51.260265588760376,682.3167652897537,14661.37200164795,nan,nan,nan
639000,0.0,0.053190868347883224,51.26665556430817,682.5359722077847,14675.731001615524,nan,nan,nan
640000,0.0,0.0675925686955452,51.27523052692413,682.8090511672199,14863.314496040344,21.382546263829834,39.666666666666664,1000.0
641000,0.0,0.08529214560985565,51.28196680545807,683.0766226015985,14877.928221702576,nan,nan,nan
642000,0.0,0.1060628816485405,51.29257524013519,683.3033907860518,14892.409242391586,nan,nan,nan
643000,0.0,0.04323892667889595,51.29811358451843,683.5513616837561,14906.844902038574,nan,nan,nan
644000,0.0,0.08892881125211716,51.309112310409546,683.8365940079093,14921.307586193085,nan,nan,nan
645000,0.0,0.05242965370416641,51.31246256828308,684.0837391838431,14935.655961751938,nan,nan,nan
646000,0.0,0.07263746112585068,51.31922221183777,684.3797372542322,14949.961683988571,nan,nan,nan
647000,0.0,0.07034597545862198,51.325382232666016,684.611943628639,14964.253716468811,nan,nan,nan
648000,0.0,0.07677032053470612,51.3325879573822,684.8608718439937,14978.527945518494,nan,nan,nan
649000,0.0,0.040982626378536224,51.33488619327545,685.1140689998865,14992.959102869034,nan,nan,nan
650000,0.0,0.07595878094434738,51.337613224983215,685.3282017335296,15007.337944507599,nan,nan,nan
651000,0.0,0.12007599323987961,51.34594786167145,685.5963696688414,15021.67727470398,nan,nan,nan
652000,0.0,0.05433160066604614,51.351282596588135,685.84305460006,15035.98951125145,nan,nan,nan
653000,0.0,0.09587138891220093,51.353803634643555,686.0937934778631,15050.354338645935,nan,nan,nan
654000,0.0,0.032645512372255325,51.36079275608063,686.2739781439304,15064.636593103409,nan,nan,nan
655000,0.0,0.06940578669309616,51.36742413043976,686.588795017451,15079.045637130737,nan,nan,nan
656000,0.0,0.04487678036093712,51.367969036102295,686.8429490923882,15093.414639949799,nan,nan,nan
657000,0.0,0.0594252310693264,51.37568950653076,687.1400291100144,15107.90709066391,nan,nan,nan
658000,0.0,0.07551689445972443,51.38156449794769,687.3424000255764,15122.241003990173,nan,nan,nan
659000,0.0,0.04185990244150162,51.39200294017792,687.5722180642188,15136.578538417816,nan,nan,nan
660000,0.0,0.05439724400639534,51.399247884750366,687.8330674469471,15331.100670099258,19.092228491382638,44.333333333333336,1000.0
661000,0.0,0.09836480766534805,51.40478730201721,688.0749693959951,15344.642300844193,nan,nan,nan
662000,0.0,0.056576646864414215,51.40738344192505,688.3116380497813,15358.593301534653,nan,nan,nan
663000,0.0,0.05412789806723595,51.41533029079437,688.542033560574,15372.914904594421,nan,nan,nan
664000,0.0,0.03475954756140709,51.41880452632904,688.8185256868601,15387.352682113647,nan,nan,nan
665000,0.0,0.03960758075118065,51.42510938644409,689.0605687052011,15401.827251911163,nan,nan,nan
666000,0.0,0.05825188383460045,51.432801723480225,689.2879359982908,15416.115221977234,nan,nan,nan
667000,0.0,0.061738766729831696,51.438852071762085,689.5504261702299,15430.417060613632,nan,nan,nan
668000,0.0,0.08127593249082565,51.440927147865295,689.8317257165909,15444.713155031204,nan,nan,nan
669000,0.0,0.06653770059347153,51.447983145713806,690.0736755691469,15459.048584461212,nan,nan,nan
670000,0.0,0.034791674464941025,51.4513396024704,690.3029419668019,15473.382227420807,nan,nan,nan
671000,0.0,0.07931895554065704,51.45889711380005,690.5484772138298,15487.725362539291,nan,nan,nan
672000,0.0,0.06629296392202377,51.46579849720001,690.7643314935267,15502.037682771683,nan,nan,nan
673000,0.0,0.055341292172670364,51.477651834487915,690.9828592911363,15516.475957155228,nan,nan,nan
674000,0.0,0.05844969302415848,51.481613874435425,691.2362848632038,15530.819774389267,nan,nan,nan
675000,0.0,0.05208122730255127,51.4866338968277,691.4862204529345,15545.155366182327,nan,nan,nan
676000,0.0,0.05290719494223595,51.49322187900543,691.768488585949,15559.492081403732,nan,nan,nan
677000,0.0,0.10078084468841553,51.50396692752838,692.0165406279266,15573.810875177383,nan,nan,nan
678000,0.0,0.04000416398048401,51.50999295711517,692.2565129883587,15588.081055164337,nan,nan,nan
679000,0.0,0.10939687490463257,51.51111602783203,692.4745206348598,15602.450894832611,nan,nan,nan
680000,0.0,0.04639294743537903,51.519835233688354,692.6907622627914,15799.664554595947,19.75516939194424,23.333333333333332,1000.0
681000,0.0,0.08409184217453003,51.53189980983734,692.9444913044572,15813.691353559494,nan,nan,nan
682000,0.0,0.06483688205480576,51.53585946559906,693.1716686077416,15827.399242639542,nan,nan,nan
683000,0.0,0.11484377831220627,51.545385003089905,693.398713581264,15840.993500947952,nan,nan,nan
684000,0.0,0.041722457855939865,51.557082295417786,693.64714993909,15855.257476091385,nan,nan,nan
685000,0.0,0.04522630572319031,51.56659209728241,693.8953289948404,15869.626769542694,nan,nan,nan
686000,0.0,0.07449847459793091,51.57403266429901,694.1425349451602,15883.924435377121,nan,nan,nan
687000,0.0,0.04693145677447319,51.57883417606354,694.3980252929032,15898.281752109528,nan,nan,nan
688000,0.0,0.07209785282611847,51.590842723846436,694.6193063370883,15912.570833921432,nan,nan,nan
689000,0.0,0.04307856783270836,51.60198903083801,694.8480077125132,15926.842436790466,nan,nan,nan
690000,0.0,0.06567611545324326,51.606101751327515,695.0605086795986,15941.066094636917,nan,nan,nan
691000,0.0,0.07443162798881531,51.61269223690033,695.2983572110534,15955.422344446182,nan,nan,nan
692000,0.0,0.04520226642489433,51.61418640613556,695.5768448747694,15969.809776067734,nan,nan,nan
693000,0.0,0.04960302636027336,51.62157094478607,695.8030581958592,15984.063138484955,nan,nan,nan
694000,0.0,0.08509626239538193,51.62748157978058,696.0378112159669,15998.364789247513,nan,nan,nan
695000,0.0,0.09759753197431564,51.63414990901947,696.2753684036434,16012.801921129227,nan,nan,nan
696000,0.0,0.058504845947027206,51.639819622039795,696.5261653661728,16027.32863163948,nan,nan,nan
697000,0.0,0.07121886312961578,51.65464985370636,696.750154260546,16041.730377435684,nan,nan,nan
698000,0.0,0.05571874976158142,51.66231024265289,696.9724995903671,16055.99088215828,nan,nan,nan
699000,0.0,0.08397827297449112,51.66835296154022,697.1757200807333,16070.330879449844,nan,nan,nan
700000,0.0,0.049334049224853516,51.67402684688568,697.4568375125527,16266.518126010895,21.111885934003592,32.333333333333336,1000.0
701000,0.0,0.06932039558887482,51.67942655086517,697.6702568233013,16280.051790475845,nan,nan,nan
702000,0.0,0.05244604870676994,51.68869435787201,697.9253403618932,16293.57503414154,nan,nan,nan
703000,0.0,0.042132165282964706,51.69780683517456,698.1184023991227,16307.167149305344,nan,nan,nan
704000,0.0,0.07624589651823044,51.704302072525024,698.3632660135627,16320.74437880516,nan,nan,nan
705000,0.0,0.05427788570523262,51.71269929409027,698.6232573650777,16334.319531440735,nan,nan,nan
706000,0.0,0.04684601351618767,51.71738624572754,698.8753892630339,16348.537226200104,nan,nan,nan
707000,0.0,0.06689481437206268,51.729764342308044,699.1038783751428,16362.813536643982,nan,nan,nan
708000,0.0,0.06564609706401825,51.73544359207153,699.3207237385213,16377.141154289246,nan,nan,nan
709000,0.0,0.0633716881275177,51.74340629577637,699.573633570224,16391.39289331436,nan,nan,nan
710000,0.0,0.044336047023534775,51.75312006473541,699.783430211246,16405.7287170887,nan,nan,nan
711000,0.0,0.11739619076251984,51.75641393661499,699.9843128956854,16420.11001420021,nan,nan,nan
712000,0.0,0.08279398828744888,51.76412796974182,700.2226228415966,16434.42330813408,nan,nan,nan
713000,0.0,0.032525818794965744,51.767884492874146,700.4506998956203,16448.709898233414,nan,nan,nan
714000,0.0,0.0695703998208046,51.779735803604126,700.6726242266595,16463.028598070145,nan,nan,nan
715000,0.0,0.05082102492451668,51.79259550571442,700.9513900764287,16477.41502213478,nan,nan,nan
716000,0.0,0.08037590980529785,51.794535756111145,701.1694402843714,16491.726224660873,nan,nan,nan
717000,0.0,0.05746690556406975,51.802971720695496,701.3580247946084,16506.057817220688,nan,nan,nan
718000,0.0,0.08507077395915985,51.80688536167145,701.5780735053122,16520.330275058746,nan,nan,nan
719000,0.0,0.06007618457078934,51.81037151813507,701.8124772198498,16534.66278576851,nan,nan,nan
720000,0.0,0.049360282719135284,51.817169308662415,702.0547030381858,16730.343836545944,12.957464323328972,31.333333333333332,1000.0
721000,0.0,0.05333925411105156,51.82534062862396,702.2840771749616,16743.551760435104,nan,nan,nan
722000,0.0,0.07414445281028748,51.8328423500061,702.5589736960828,16756.781896829605,nan,nan,nan
723000,0.0,0.09115681797266006,51.83530914783478,702.772674664855,16770.384371995926,nan,nan,nan
724000,0.0,0.07579439878463745,51.84125292301178,703.0263715833426,16783.842965126038,nan,nan,nan
725000,0.0,0.02818525768816471,51.84980773925781,703.2229110784829,16797.359584093094,nan,nan,nan
726000,0.0,0.05455085262656212,51.8502002954483,703.4428634308279,16810.893724679947,nan,nan,nan
727000,0.0,0.04693806171417236,51.86094510555267,703.6564874835312,16824.366547107697,nan,nan,nan
728000,0.0,0.0547671802341938,51.86721658706665,703.8629969321191,16838.099383592606,nan,nan,nan
729000,0.0,0.0888793095946312,51.870104908943176,704.0726470053196,16852.50744652748,nan,nan,nan
730000,0.0,0.06165674328804016,51.8795063495636,704.3310071565211,16866.796675682068,nan,nan,nan
731000,0.0,0.03961673006415367,51.885016441345215,704.5189701877534,16881.169457912445,nan,nan,nan
732000,0.0,0.04761851951479912,51.894184589385986,704.784890960902,16895.510867595673,nan,nan,nan
733000,0.0,0.0424005351960659,51.89165675640106,704.9911170080304,16909.78067946434,nan,nan,nan
734000,0.0,0.057252656668424606,51.89854454994202,705.218563709408,16924.065079689026,nan,nan,nan
735000,0.0,0.026273468509316444,51.9042592048645,705.4862241707742,16938.42045378685,nan,nan,nan
736000,0.0,0.04278717190027237,51.914530992507935,705.6890890337527,16952.741748332977,nan,nan,nan
737000,0.0,0.05731024965643883,51.91662240028381,705.8925357796252,16967.050414800644,nan,nan,nan
738000,0.0,0.054204512387514114,51.931092858314514,706.1313671208918,16981.266754865646,nan,nan,nan
739000,0.0,0.06533481925725937,51.93931424617767,706.3802135400474,16995.51605820656,nan,nan,nan
740000,0.0,0.050640225410461426,51.93890607357025,706.6016246378422,17199.088762283325,16.7829891932047,15.333333333333334,1000.0
741000,0.0,0.06814946979284286,51.946027755737305,706.835090585053,17212.68279004097,nan,nan,nan
742000,0.0,0.03282161429524422,51.95251202583313,707.031081084162,17226.011571645737,nan,nan,nan
743000,0.0,0.042519163340330124,51.959765791893005,707.2930640205741,17239.311152935028,nan,nan,nan
744000,0.0,0.04458444193005562,51.970378041267395,707.5524294674397,17252.425936460495,nan,nan,nan
745000,0.0,0.056807126849889755,51.976781249046326,707.7356244474649,17265.98864221573,nan,nan,nan
746000,0.0,0.08230767399072647,51.983518958091736,707.958841662854,17279.050924301147,nan,nan,nan
747000,0.0,0.054867830127477646,51.99158334732056,708.210309419781,17292.65754008293,nan,nan,nan
748000,0.0,0.10585665702819824,52.00169920921326,708.4113537743688,17305.72232580185,nan,nan,nan
749000,0.0,0.0701276883482933,52.00876986980438,708.6265856847167,17318.98419189453,nan,nan,nan
750000,0.0,0.03270178660750389,52.01711058616638,708.7892148159444,17332.260035037994,nan,nan,nan
751000,0.0,0.04779678210616112,52.02766227722168,709.0308648720384,17346.215878009796,nan,nan,nan
752000,0.0,0.08707435429096222,52.0406379699707,709.25147921592,17360.389615535736,nan,nan,nan
753000,0.0,0.06934874504804611,52.04618453979492,709.490118354559,17374.63133621216,nan,nan,nan
754000,0.0,0.06156015023589134,52.056331753730774,709.682038731873,17388.94438123703,nan,nan,nan
755000,0.0,0.03393589332699776,52.06132900714874,709.9263516776264,17403.206876516342,nan,nan,nan
756000,0.0,0.03886440768837929,52.06454575061798,710.1334700770676,17417.54829478264,nan,nan,nan
757000,0.0,0.03712280094623566,52.07156300544739,710.3698681071401,17431.877032995224,nan,nan,nan
758000,0.0,0.062735415995121,52.071380853652954,710.5687612257898,17446.209899187088,nan,nan,nan
759000,0.0,0.06691204756498337,52.07687294483185,710.822506096214,17460.579938411713,nan,nan,nan
760000,0.0,0.05776286870241165,52.084699749946594,711.0124883912504,17667.91672849655,20.327557808123682,23.666666666666668,1000.0
761000,0.0,0.07359245419502258,52.0908180475235,711.2455110438168,17681.701855659485,nan,nan,nan
762000,0.0,0.03472081944346428,52.09666299819946,711.4322278127074,17695.260597229004,nan,nan,nan
763000,0.0,0.05948697403073311,52.10510802268982,711.6789029426873,17708.87237930298,nan,nan,nan
764000,0.0,0.057826634496450424,52.10513615608215,711.9055581614375,17722.463858127594,nan,nan,nan
765000,0.0,0.04240620881319046,52.11125648021698,712.134651362896,17736.097775697708,nan,nan,nan
766000,0.0,0.06596039980649948,52.12087786197662,712.372502848506,17749.64466404915,nan,nan,nan
767000,0.0,0.07070379704236984,52.12117564678192,712.5764834210277,17763.338227510452,nan,nan,nan
768000,0.0,0.07331018894910812,52.12819480895996,712.8070962391794,17776.713479042053,nan,nan,nan
769000,0.0,0.07657625526189804,52.13437616825104,713.0098650604486,17789.825187921524,nan,nan,nan
770000,0.0,0.0769444927573204,52.13874542713165,713.2800272479653,17803.026529312134,nan,nan,nan
771000,0.0,0.0689387395977974,52.14790964126587,713.473810236901,17816.3746778965,nan,nan,nan
772000,0.0,0.10051107406616211,52.152448534965515,713.6665213629603,17829.501458644867,nan,nan,nan
773000,0.0,0.056589819490909576,52.166520833969116,713.8800457715988,17842.91566324234,nan,nan,nan
774000,0.0,0.05689508467912674,52.16931486129761,714.1052383929491,17857.209691286087,nan,nan,nan
775000,0.0,0.0717419907450676,52.17600464820862,714.3207139223814,17871.507117271423,nan,nan,nan
776000,0.0,0.04313142970204353,52.18503201007843,714.5273081958294,17885.766843795776,nan,nan,nan
777000,0.0,0.031395938247442245,52.1929407119751,714.7479261308908,17900.07301592827,nan,nan,nan
778000,0.0,0.057988762855529785,52.20051634311676,714.9586253426969,17914.276972532272,nan,nan,nan
779000,0.0,0.04212474450469017,52.20619344711304,715.1596837863326,17928.54381108284,nan,nan,nan
780000,0.0,0.05984224006533623,52.212647795677185,715.3999587707222,18136.38862133026,15.37925875336469,17.666666666666668,1000.0
781000,0.0,0.05947113037109375,52.22600817680359,715.6223348714411,18150.6546626091,nan,nan,nan
782000,0.0,0.06434740871191025,52.23803234100342,715.8473656214774,18164.235759973526,nan,nan,nan
783000,0.0,0.04214254021644592,52.25123393535614,716.0378320403397,18177.86423420906,nan,nan,nan
784000,0.0,0.04910072684288025,52.26090955734253,716.2578968144953,18191.42774772644,nan,nan,nan
785000,0.0,0.07787539064884186,52.2715847492218,716.4957470595837,18205.167843341827,nan,nan,nan
786000,0.0,0.0392487533390522,52.27685058116913,716.7340872511268,18218.572833538055,nan,nan,nan
787000,0.0,0.05358230695128441,52.28939390182495,716.978534411639,18232.119658708572,nan,nan,nan
788000,0.0,0.06530220806598663,52.29882025718689,717.1897024363279,18245.649910211563,nan,nan,nan
789000,0.0,0.04862464964389801,52.30830454826355,717.405723452568,18259.181177139282,nan,nan,nan
790000,0.0,0.03905315697193146,52.31338357925415,717.6040725745261,18272.660962820053,nan,nan,nan
791000,0.0,0.03325359895825386,52.32254683971405,717.7733493708074,18286.292752742767,nan,nan,nan
792000,0.0,0.04003599286079407,52.331974148750305,718.0130344629288,18299.83064508438,nan,nan,nan
793000,0.0,0.05104810744524002,52.34110403060913,718.2224228866398,18313.384444236755,nan,nan,nan
794000,0.0,0.026574019342660904,52.35450088977814,718.4465421624482,18326.91353392601,nan,nan,nan
795000,0.0,0.07301199436187744,52.35682821273804,718.6277085021138,18340.758049488068,nan,nan,nan
796000,0.0,0.08548126369714737,52.354857206344604,718.8781662173569,18354.976831912994,nan,nan,nan
797000,0.0,0.04676932469010353,52.35372853279114,719.0719180032611,18369.275766134262,nan,nan,nan
798000,0.0,0.04430896416306496,52.35775291919708,719.2889027297497,18383.644775629044,nan,nan,nan
799000,0.0,0.0521760992705822,52.362725138664246,719.4743651039898,18397.996049165726,nan,nan,nan
800000,0.0,0.05847737938165665,52.37120342254639,719.716724742204,18601.825634241104,19.133113462041024,28.666666666666668,1000.0
801000,0.0,0.04439131170511246,52.38008141517639,719.9366587288678,18616.33268547058,nan,nan,nan
802000,0.0,0.04485451802611351,52.38804471492767,720.1387250311673,18630.689197063446,nan,nan,nan
803000,0.0,0.041267719119787216,52.39097774028778,720.3138145469129,18644.804911613464,nan,nan,nan
804000,0.0,0.033837903290987015,52.39725399017334,720.5245404317975,18658.454984903336,nan,nan,nan
805000,0.0,0.04650505632162094,52.40583550930023,720.7218256182969,18672.184331417084,nan,nan,nan
806000,0.0,0.0503498911857605,52.41269254684448,720.9358947612345,18685.791046380997,nan,nan,nan
807000,0.0,0.0386451780796051,52.41978669166565,721.1052647382021,18699.491917848587,nan,nan,nan
808000,0.0,0.0487716905772686,52.42927575111389,721.3201106265187,18713.070002794266,nan,nan,nan
809000,0.0,0.08723746985197067,52.43951439857483,721.5531271472573,18726.692089796066,nan,nan,nan
810000,0.0,0.049491189420223236,52.44719898700714,721.7765367589891,18740.18421959877,nan,nan,nan
811000,0.0,0.059094298630952835,52.452837228775024,721.9984448365867,18753.83136844635,nan,nan,nan
812000,0.0,0.04803675040602684,52.45291543006897,722.2133449986577,18767.398861169815,nan,nan,nan
813000,0.0,0.06159445270895958,52.46011579036713,722.4193822294474,18781.054626226425,nan,nan,nan
814000,0.0,0.063078373670578,52.46506094932556,722.5741798765957,18794.857804059982,nan,nan,nan
815000,0.0,0.05518204718828201,52.47580802440643,722.8046454153955,18808.55168747902,nan,nan,nan
816000,0.0,0.042925186455249786,52.48005294799805,722.9971886649728,18822.139348983765,nan,nan,nan
817000,0.0,0.05628140643239021,52.48498201370239,723.2165701724589,18836.166448116302,nan,nan,nan
818000,0.0,0.04445381462574005,52.48723614215851,723.3706556595862,18850.52378845215,nan,nan,nan
819000,0.0,0.044175028800964355,52.495818853378296,723.6098374910653,18864.87261748314,nan,nan,nan
820000,0.0,0.06691303849220276,52.49944746494293,723.8336163945496,19070.45255613327,12.2777633844615,23.666666666666668,1000.0
821000,0.0,0.038634367287158966,52.512856125831604,724.0688028857112,19085.003514289856,nan,nan,nan
822000,0.0,0.06986328959465027,52.51250493526459,724.2506056949496,19099.26412510872,nan,nan,nan
823000,0.0,0.06159857660531998,52.514511823654175,724.4754804819822,19113.55407166481,nan,nan,nan
824000,0.0,0.04049263149499893,52.52357578277588,724.6918800584972,19127.79424381256,nan,nan,nan
825000,0.0,0.04032791405916214,52.53064668178558,724.9126407131553,19141.74164891243,nan,nan,nan
826000,0.0,0.04862778261303902,52.53815960884094,725.1203943230212,19154.839567661285,nan,nan,nan
827000,0.0,0.0697522908449173,52.54137945175171,725.3161066733301,19167.959893226624,nan,nan,nan
828000,0.0,0.07031866163015366,52.55040955543518,725.5260625183582,19181.23626923561,nan,nan,nan
829000,0.0,0.044268038123846054,52.55965733528137,725.7089929915965,19194.666282892227,nan,nan,nan
830000,0.0,0.028845906257629395,52.5663788318634,725.9065695442259,19208.176221370697,nan,nan,nan
831000,0.0,0.09833117574453354,52.56866919994354,726.1159744821489,19221.8651099205,nan,nan,nan
832000,0.0,0.058015115559101105,52.57663607597351,726.3195129558444,19235.452977895737,nan,nan,nan
833000,0.0,0.028818149119615555,52.58722424507141,726.563276335597,19249.067143917084,nan,nan,nan
834000,0.0,0.05413065105676651,52.59206449985504,726.7502475231886,19262.691674232483,nan,nan,nan
835000,0.0,0.07947207987308502,52.599679827690125,726.950444817543,19276.420648813248,nan,nan,nan
836000,0.0,0.046266186982393265,52.608012318611145,727.137586094439,19290.148706912994,nan,nan,nan
837000,0.0,0.030274316668510437,52.6171338558197,727.3090135268867,19303.706314086914,nan,nan,nan
838000,0.0,0.08748465031385422,52.62103879451752,727.5230055004358,19317.30430650711,nan,nan,nan
839000,0.0,0.047571953386068344,52.628931164741516,727.7381038442254,19331.41974234581,nan,nan,nan
840000,0.0,0.06136355921626091,52.637109875679016,727.9759499840438,19541.074873685837,21.974021311274203,29.666666666666668,1000.0
841000,0.0,0.04616357013583183,52.645172476768494,728.2010960839689,19555.64069890976,nan,nan,nan
842000,0.0,0.08051959425210953,52.65330648422241,728.3965332172811,19570.014334201813,nan,nan,nan
843000,0.0,0.07393933832645416,52.65767312049866,728.6300796121359,19584.39485359192,nan,nan,nan
844000,0.0,0.034733910113573074,52.6558758020401,728.8332427591085,19598.73322892189,nan,nan,nan
845000,0.0,0.033383216708898544,52.66638374328613,729.0206087641418,19613.090574264526,nan,nan,nan
846000,0.0,0.05045599490404129,52.67924249172211,729.2396215312183,19627.44617843628,nan,nan,nan
847000,0.0,0.06883616745471954,52.68333292007446,729.4036046043038,19641.473012447357,nan,nan,nan
848000,0.0,0.04081518203020096,52.68882155418396,729.606485825032,19655.012431383133,nan,nan,nan
849000,0.0,0.028521383181214333,52.693304657936096,729.8098525889218,19668.344287395477,nan,nan,nan
850000,0.0,0.03863062337040901,52.69594883918762,730.0107422471046,19681.40180182457,nan,nan,nan
851000,0.0,0.03226327896118164,52.709641337394714,730.2055825777352,19694.493119955063,nan,nan,nan
852000,0.0,0.05415290594100952,52.72075295448303,730.3719872459769,19707.799263477325,nan,nan,nan
853000,0.0,0.04669804498553276,52.72455036640167,730.6031690426171,19721.150460720062,nan,nan,nan
854000,0.0,0.05025184154510498,52.7324914932251,730.8036563433707,19734.318709373474,nan,nan,nan
855000,0.0,0.0732794776558876,52.74346315860748,730.9830682910979,19747.681005477905,nan,nan,nan
856000,0.0,0.06685502827167511,52.75057864189148,731.1959174498916,19760.93987941742,nan,nan,nan
857000,0.0,0.07163361459970474,52.751609206199646,731.41327759251,19774.07165002823,nan,nan,nan
858000,0.0,0.0402083583176136,52.76067876815796,731.6379500888288,19787.73943376541,nan,nan,nan
859000,0.0,0.07862541824579239,52.76908826828003,731.800733614713,19801.412459373474,nan,nan,nan
860000,0.0,0.06098468229174614,52.775596022605896,731.9966251440346,20008.190588235855,16.712630805425235,33.0,1000.0
861000,0.0,0.02522403374314308,52.78556752204895,732.2512738220394,20022.560458898544,nan,nan,nan
862000,0.0,0.031835589557886124,52.79352843761444,732.4222981072962,20036.81789970398,nan,nan,nan
863000,0.0,0.05829404667019844,52.80628716945648,732.6075545325875,20051.136099100113,nan,nan,nan
864000,0.0,0.05684924125671387,52.8165568113327,732.8170636855066,20065.55401444435,nan,nan,nan
865000,0.0,0.055250026285648346,52.820486307144165,733.0079937390983,20079.859968423843,nan,nan,nan
866000,0.0,0.06640549004077911,52.82840549945831,733.1852251961827,20094.183878421783,nan,nan,nan
867000,0.0,0.04211939126253128,52.83892238140106,733.399047575891,20108.54597067833,nan,nan,nan
868000,0.0,0.07039060443639755,52.84361445903778,733.6338759958744,20122.881665706635,nan,nan,nan
869000,0.0,0.07395666837692261,52.84079957008362,733.813647761941,20137.314895629883,nan,nan,nan
870000,0.0,0.04114678129553795,52.84114587306976,734.0248377360404,20151.105579137802,nan,nan,nan
871000,0.0,0.05988949537277222,52.847792625427246,734.2038059197366,20164.885061264038,nan,nan,nan
872000,0.0,0.03722184896469116,52.8549644947052,734.4014557860792,20178.317632198334,nan,nan,nan
873000,0.0,0.03499077260494232,52.86939227581024,734.5912841632962,20192.09674358368,nan,nan,nan
874000,0.0,0.07862298935651779,52.87913203239441,734.7862042598426,20205.282036304474,nan,nan,nan
875000,0.0,0.04779890924692154,52.882312178611755,735.0015309713781,20218.7053835392,nan,nan,nan
876000,0.0,0.04817469045519829,52.887988328933716,735.2057584114373,20231.993443012238,nan,nan,nan
877000,0.0,0.040776073932647705,52.89229500293732,735.4043193496764,20245.325192928314,nan,nan,nan
878000,0.0,0.06009814143180847,52.90092134475708,735.6231390498579,20258.58637571335,nan,nan,nan
879000,0.0,0.03646655008196831,52.911805152893066,735.7845888212323,20271.676624536514,nan,nan,nan
880000,0.0,0.030966509133577347,52.91957771778107,736.007386982441,20473.47475528717,19.941525742401527,40.333333333333336,1000.0
881000,0.0,0.043315429240465164,52.92495787143707,736.1781113296747,20487.849957942963,nan,nan,nan
882000,0.0,0.06120387464761734,52.93051564693451,736.4237669594586,20502.217589378357,nan,nan,nan
883000,0.0,0.03889451548457146,52.936776638031006,736.619241386652,20516.55293083191,nan,nan,nan
884000,0.0,0.04565396532416344,52.944488763809204,736.79319024086,20530.85000705719,nan,nan,nan
885000,0.0,0.029827101156115532,52.95226562023163,736.9742748327553,20545.230512857437,nan,nan,nan
886000,0.0,0.04096964746713638,52.956188440322876,737.173086412251,20559.523413181305,nan,nan,nan
887000,0.0,0.0478016696870327,52.96069073677063,737.3743079639971,20573.85705280304,nan,nan,nan
888000,0.0,0.048494260758161545,52.97045588493347,737.5745536088943,20588.21864581108,nan,nan,nan
889000,0.0,0.026046929880976677,52.98247420787811,737.776434648782,20602.52093076706,nan,nan,nan
890000,0.0,0.05648558959364891,52.98710119724274,737.9889483079314,20616.813666820526,nan,nan,nan
891000,0.0,0.057412173599004745,52.9996383190155,738.1595568358898,20631.242139577866,nan,nan,nan
892000,0.0,0.05913204699754715,53.0047652721405,738.3233831562102,20645.312821149826,nan,nan,nan
893000,0.0,0.04676195606589317,53.01722538471222,738.5163308009505,20659.42897582054,nan,nan,nan
894000,0.0,0.041527505964040756,53.02077007293701,738.6463563628495,20673.11852478981,nan,nan,nan
895000,0.0,0.08229173719882965,53.02375531196594,738.8841007426381,20686.755538225174,nan,nan,nan
896000,0.0,0.0357503704726696,53.02973687648773,739.0801135711372,20700.300778865814,nan,nan,nan
897000,0.0,0.04909573867917061,53.03649568557739,739.2774694263935,20713.886913776398,nan,nan,nan
898000,0.0,0.06401380896568298,53.03964650630951,739.4860377833247,20727.521076202393,nan,nan,nan
899000,0.0,0.06845791637897491,53.04664123058319,739.6824117973447,20741.0990858078,nan,nan,nan
900000,0.0,0.06449159234762192,53.054261207580566,739.8956451565027,20938.706884384155,20.363568562303,41.666666666666664,1000.0
901000,0.0,0.05785344913601875,53.06757175922394,740.0614047087729,20953.147315740585,nan,nan,nan
902000,0.0,0.041214413940906525,53.079482078552246,740.3176523558795,20967.604104042053,nan,nan,nan
903000,0.0,0.05229203775525093,53.09375,740.5336194448173,20982.048906087875,nan,nan,nan
904000,0.0,0.052612144500017166,53.10788035392761,740.7013412900269,20996.425587177277,nan,nan,nan
905000,0.0,0.035580530762672424,53.11678194999695,740.8923816941679,21010.8005130291,nan,nan,nan
906000,0.0,0.08158869296312332,53.118836998939514,741.053111165762,21025.159224033356,nan,nan,nan
907000,0.0,0.029800115153193474,53.12136244773865,741.2779690399766,21039.46206331253,nan,nan,nan
908000,0.0,0.0787808820605278,53.130319595336914,741.400681938976,21053.725660085678,nan,nan,nan
909000,0.0,0.04431738331913948,53.133660674095154,741.6228874102235,21068.10598874092,nan,nan,nan
910000,0.0,0.05248980596661568,53.142826437950134,741.8165695331991,21082.41846847534,nan,nan,nan
911000,0.0,0.07350125163793564,53.146727561950684,742.0318585969508,21096.69015479088,nan,nan,nan
912000,0.0,0.03649922087788582,53.15471088886261,742.2108539938927,21110.967379570007,nan,nan,nan
913000,0.0,0.05341869220137596,53.16144919395447,742.4351893551648,21125.301589250565,nan,nan,nan
914000,0.0,0.057410288602113724,53.17199099063873,742.6053806692362,21139.18756532669,nan,nan,nan
915000,0.0,0.03867186978459358,53.177823066711426,742.8214741721749,21152.75209093094,nan,nan,nan
916000,0.0,0.026725828647613525,53.193002700805664,742.9674512371421,21166.217584371567,nan,nan,nan
917000,0.0,0.054117586463689804,53.19844102859497,743.1929625123739,21179.874883890152,nan,nan,nan
918000,0.0,0.04250505194067955,53.20697343349457,743.3556255437434,21193.55445098877,nan,nan,nan
919000,0.0,0.06632024049758911,53.21805155277252,743.5553895831108,21207.13438296318,nan,nan,nan
920000,0.0,0.04818826541304588,53.21969819068909,743.757517196238,21406.367101192474,9.246957135132654,10.0,1000.0
921000,0.0,0.031134789809584618,53.22387647628784,743.9421255588531,21420.70275592804,nan,nan,nan
922000,0.0,0.07353939116001129,53.232033252716064,744.1208506338298,21435.043585777283,nan,nan,nan
923000,0.0,0.04837460070848465,53.23854064941406,744.3142344653606,21449.409051418304,nan,nan,nan
924000,0.0,0.07178300619125366,53.241620898246765,744.4703085497022,21463.76606607437,nan,nan,nan
925000,0.0,0.02802584134042263,53.25175929069519,744.6606847718358,21478.093621253967,nan,nan,nan
926000,0.0,0.0654253214597702,53.25409185886383,744.8339804634452,21492.35838985443,nan,nan,nan
927000,0.0,0.034526657313108444,53.261075019836426,745.0378415994346,21506.813850402832,nan,nan,nan
928000,0.0,0.044397614896297455,53.26169955730438,745.218917209655,21521.11017894745,nan,nan,nan
929000,0.0,0.05526937171816826,53.27093303203583,745.3817900493741,21535.51120710373,nan,nan,nan
930000,0.0,0.05151839181780815,53.27750313282013,745.5832594633102,21549.782222509384,nan,nan,nan
931000,0.0,0.05891212448477745,53.28153121471405,745.7789587825537,21564.263388872147,nan,nan,nan
932000,0.0,0.030837828293442726,53.2859411239624,745.968809556216,21578.605782985687,nan,nan,nan
933000,0.0,0.054482996463775635,53.2938072681427,746.1536363773048,21593.01971912384,nan,nan,nan
934000,0.0,0.05581856518983841,53.305529713630676,746.3287620358169,21607.28448200226,nan,nan,nan
935000,0.0,0.04502422735095024,53.314692735672,746.4967311397195,21621.68502664566,nan,nan,nan
936000,0.0,0.048009809106588364,53.3231281042099,746.7162669338286,21635.486181735992,nan,nan,nan
937000,0.0,0.06767531484365463,53.325639128685,746.8925902359188,21649.07338833809,nan,nan,nan
938000,0.0,0.06382574141025543,53.33415901660919,747.0618661083281,21662.640251874924,nan,nan,nan
939000,0.0,0.07399148494005203,53.33700680732727,747.2456166632473,21676.005203962326,nan,nan,nan
940000,0.0,0.06806619465351105,53.34100306034088,747.4041886739433,21872.37150835991,21.879370731273983,6.333333333333333,1000.0
941000,0.0,0.050407495349645615,53.34421908855438,747.5998493134975,21886.6682908535,nan,nan,nan
942000,0.0,0.041450727730989456,53.35059833526611,747.7891574427485,21901.053687095642,nan,nan,nan
943000,0.0,0.06805646419525146,53.35037040710449,747.9922376908362,21915.507754325867,nan,nan,nan
944000,0.0,0.062040042132139206,53.357402086257935,748.1700529754162,21929.93568444252,nan,nan,nan
945000,0.0,0.04828479886054993,53.3668407201767,748.3703261464834,21944.337727308273,nan,nan,nan
946000,0.0,0.041912779211997986,53.36982214450836,748.5404711514711,21958.650673389435,nan,nan,nan
947000,0.0,0.04482903704047203,53.382901191711426,748.7085185647011,21972.98227071762,nan,nan,nan
948000,0.0,0.029863134026527405,53.39062201976776,748.9146598428488,21987.301386594772,nan,nan,nan
949000,0.0,0.03958457335829735,53.39572882652283,749.1140153855085,22001.63335633278,nan,nan,nan
950000,0.0,0.037866342812776566,53.40358650684357,749.3281070627272,22015.972512960434,nan,nan,nan
951000,0.0,0.08215182274580002,53.408159494400024,749.5068433061242,22030.332189321518,nan,nan,nan
952000,0.0,0.04283613711595535,53.412737131118774,749.7352098748088,22044.699806928635,nan,nan,nan
953000,0.0,0.05882040411233902,53.41671586036682,749.924534458667,22058.992668151855,nan,nan,nan
954000,0.0,0.051936227828264236,53.42523193359375,750.1016806662083,22073.355155944824,nan,nan,nan
955000,0.0,0.03250359371304512,53.43417000770569,750.2886946126819,22087.73203754425,nan,nan,nan
956000,0.0,0.06538520008325577,53.435436844825745,750.4219147153199,22102.0837059021,nan,nan,nan
957000,0.0,0.07139303535223007,53.44263422489166,750.6064422242343,22116.434408187866,nan,nan,nan
958000,0.0,0.04138775169849396,53.4533656835556,750.8004783689976,22130.08352303505,nan,nan,nan
959000,0.0,0.05524700880050659,53.458909034729004,750.9823798313737,22143.251613378525,nan,nan,nan
960000,0.0,0.07412362098693848,53.47081506252289,751.1587944589555,22336.30303788185,3.2403239570794966,0.0,1000.0
961000,0.0,0.03524026274681091,53.4772424697876,751.3585121259093,22350.60492873192,nan,nan,nan
962000,0.0,0.04646559804677963,53.485835671424866,751.4852766133845,22364.887273550034,nan,nan,nan
963000,0.0,0.056805044412612915,53.49311304092407,751.6749648824334,22379.226356744766,nan,nan,nan
964000,0.0,0.033411141484975815,53.50624632835388,751.8726272657514,22393.49646782875,nan,nan,nan
965000,0.0,0.03882323578000069,53.51625728607178,752.0886105112731,22407.83646416664,nan,nan,nan
966000,0.0,0.060871422290802,53.521649956703186,752.2755584307015,22422.10473203659,nan,nan,nan
967000,0.0,0.030688155442476273,53.531588435173035,752.462301466614,22436.413738965988,nan,nan,nan
968000,0.0,0.02712857723236084,53.537328243255615,752.6386779397726,22450.771487236023,nan,nan,nan
969000,0.0,0.05472182109951973,53.53892958164215,752.8513414822519,22465.073910951614,nan,nan,nan
970000,0.0,0.048365723341703415,53.55125045776367,753.0370379835367,22479.37345790863,nan,nan,nan
971000,0.0,0.03605705499649048,53.5587694644928,753.2104244530201,22493.81160259247,nan,nan,nan
972000,0.0,0.03469511866569519,53.56797814369202,753.3716491274536,22508.098339557648,nan,nan,nan
973000,0.0,0.08738252520561218,53.57654404640198,753.5747713409364,22522.398596048355,nan,nan,nan
974000,0.0,0.04921470209956169,53.58438301086426,753.7005060352385,22536.710656881332,nan,nan,nan
975000,0.0,0.03993682935833931,53.59622251987457,753.903787471354,22551.079337835312,nan,nan,nan
976000,0.0,0.03816843032836914,53.59659790992737,754.1158141084015,22565.41904616356,nan,nan,nan
977000,0.0,0.05881351977586746,53.60347127914429,754.2868191711605,22579.79247879982,nan,nan,nan
978000,0.0,0.04268687963485718,53.607922196388245,754.4587957710028,22594.071009874344,nan,nan,nan
979000,0.0,0.047570109367370605,53.611576795578,754.5839445032179,22608.509276866913,nan,nan,nan
980000,0.0,0.03944892808794975,53.61944580078125,754.8033863529563,22794.229328870773,12.743891935676125,6.0,1000.0
981000,0.0,0.05528724938631058,53.620397448539734,754.9879219420254,22808.622699022293,nan,nan,nan
982000,0.0,0.05688777193427086,53.630494236946106,755.159272197634,22822.995127677917,nan,nan,nan
983000,0.0,0.0552094392478466,53.63768243789673,755.3389882929623,22837.3063724041,nan,nan,nan
984000,0.0,0.028517423197627068,53.64896106719971,755.563683912158,22851.588170289993,nan,nan,nan
985000,0.0,0.06803005188703537,53.65678429603577,755.7389270402491,22865.94869542122,nan,nan,nan
986000,0.0,0.04268767312169075,53.662599086761475,755.9363188259304,22880.31538772583,nan,nan,nan
987000,0.0,0.040602996945381165,53.667964816093445,756.112383980304,22894.639551639557,nan,nan,nan
988000,0.0,0.05964089557528496,53.675692677497864,756.2899438738823,22908.995886087418,nan,nan,nan
989000,0.0,0.056649740785360336,53.68398594856262,756.4346719011664,22923.332045316696,nan,nan,nan
990000,0.0,0.03352700173854828,53.692694544792175,756.652388125658,22937.65219092369,nan,nan,nan
991000,0.0,0.04720395803451538,53.69934606552124,756.8223799169064,22952.056210279465,nan,nan,nan
992000,0.0,0.07067447155714035,53.70563209056854,757.0154686495662,22966.378272771835,nan,nan,nan
993000,0.0,0.0300770103931427,53.71389925479889,757.1347917318344,22980.769346237183,nan,nan,nan
994000,0.0,0.044580768793821335,53.7197231054306,757.3457781150937,22995.171136379242,nan,nan,nan
995000,0.0,0.04794643446803093,53.72796988487244,757.51140781492,23009.511108636856,nan,nan,nan
996000,0.0,0.03252524137496948,53.73890948295593,757.6946066766977,23023.93357348442,nan,nan,nan
997000,0.0,0.051866400986909866,53.748953104019165,757.8856612183154,23038.3219063282,nan,nan,nan
998000,0.0,0.0460067018866539,53.75579369068146,758.0672240629792,23052.625078201294,nan,nan,nan
999000,0.0,0.07611950486898422,53.76292538642883,758.3001214824617,23067.046250104904,nan,nan,nan
1000000,0.0,0.045775216072797775,53.76920711994171,758.4480543211102,23260.429087877274,14.609016306931252,11.333333333333334,1000.0
